name,베타카로틴,비타민D,비타민E,비타민K,비타민B1,비타민B2,나이아신,비타민B6,엽산,비타민B12,비오틴,비타민C,칼슘,마그네슘,철,아연,구리,셀레늄(셀렌),요오드,망간,몰리브덴,칼륨,식이섬유,단백질,프로바이오틱스,진세노사이드,루테인,EPA와 DHA의 합,비타민A
100억 프로바이오틱스,0,0.0,0.0,0.0,0.0,0.0,0.0,0.0,0.0,0.0,0.0,0.0,0.0,0.0,0.0,8.5,0.0,16.5,0,0.0,0.0,0,0.0,0,10000000000,0.0,0.0,0.0,0.0
3초습관 플러스타민 종합영양제,0,40.0,11.0,70.0,3.6,4.2,30.0,4.5,1000.0,7.2,90.0,150.0,210.0,100.0,12.0,12.75,0.8,110.0,0,3.0,25.0,0,0.0,0,0,0.0,0.0,0.0,700.0
6년근 고려 홍삼정 진액스틱,0,0.0,0.0,0.0,0.0,0.0,0.0,0.0,0.0,0.0,0.0,0.0,0.0,0.0,0.0,0.0,0.0,0.0,0,0.0,0.0,0,0.0,0,0,12.0,0.0,0.0,0.0
6년근 고려100년 홍삼정,0,0.0,0.0,0.0,0.0,0.0,0.0,0.0,0.0,0.0,0.0,0.0,0.0,0.0,0.0,0.0,0.0,0.0,0,0.0,0.0,0,0.0,0,0,3.6,0.0,0.0,0.0
6년근 고려홍삼정 골드 진,0,0.0,0.0,0.0,0.0,0.0,0.0,0.0,0.0,0.0,0.0,0.0,0.0,0.0,0.0,0.0,0.0,0.0,0,0.0,0.0,0,0.0,0,0,4.7,0.0,0.0,0.0
6년근 고려홍삼정 데일리 골드 스틱,0,0.0,0.0,0.0,0.0,0.0,0.0,0.0,0.0,0.0,0.0,0.0,0.0,0.0,0.0,0.0,0.0,0.0,0,0.0,0.0,0,0.0,0,0,6.0,0.0,0.0,0.0
6년근 고려홍삼정 스틱,0,0.0,0.0,0.0,0.0,0.0,0.0,0.0,0.0,0.0,0.0,0.0,0.0,0.0,0.0,0.0,0.0,0.0,0,0.0,0.0,0,0.0,0,0,5.5,0.0,0.0,0.0
6년근 발효홍삼정365,0,0.0,0.0,0.0,0.0,0.0,0.0,0.0,0.0,0.0,0.0,0.0,0.0,0.0,0.0,0.0,0.0,0.0,0,0.0,0.0,0,0.0,0,0,9.6,0.0,0.0,0.0
6년근 홍삼정 에브리데이,0,0.0,0.0,0.0,0.0,0.0,0.0,0.0,0.0,0.0,0.0,0.0,0.0,0.0,0.0,0.0,0.0,0.0,0,0.0,0.0,0,0.0,0,0,7.0,0.0,0.0,0.0
6년근 활력 홍삼정 스틱 100,0,0.0,0.0,0.0,0.0,0.0,0.0,0.0,0.0,0.0,0.0,0.0,0.0,0.0,0.0,0.0,0.0,0.0,0,0.0,0.0,0,0.0,0,0,4.0,0.0,0.0,0.0
BIO ROSETTE C 500 Chewable Vitamin C(전량수출용),0,0.0,0.0,0.0,0.0,0.0,0.0,0.0,0.0,0.0,0.0,500.0,0.0,0.0,0.0,0.0,0.0,0.0,0,0.0,0.0,0,0.0,0,0,0.0,0.0,0.0,0.0
B플러스비타민,0,0.0,0.0,0.0,45.0,28.0,100.0,30.0,400.0,60.0,100.0,0.0,0.0,0.0,0.0,0.0,0.0,0.0,0,0.0,0.0,0,0.0,0,0,20.0,0.0,0.0,0.0
EPA DHA,0,0.0,0.0,0.0,0.0,0.0,0.0,0.0,0.0,0.0,0.0,0.0,0.0,0.0,0.0,0.0,0.0,0.0,0,0.0,0.0,0,0.0,0,0,0.0,0.0,600.0,0.0
JW중외리버케어,0,0.0,0.0,0.0,1.2,1.4,15.0,1.5,0.0,0.0,0.0,0.0,0.0,0.0,0.0,8.5,0.0,55.0,0,0.0,0.0,0,0.0,0,0,0.0,0.0,0.0,0.0
JW중외메타볼리즘,0,0.0,12.5,0.0,0.0,0.0,0.0,3.2,0.0,0.0,0.0,0.0,0.0,110.0,0.0,0.0,0.0,0.0,0,0.0,0.0,0,0.0,0,0,0.0,0.0,0.0,0.0
KIDOKKIO,0,0.0,0.0,0.0,0.0,0.0,0.0,0.0,0.0,0.0,0.0,0.0,0.0,0.0,0.0,0.0,0.0,0.0,0,0.0,0.0,0,0.0,0,100000000,0.0,0.0,0.0,0.0
MSM 관절생생 N-아세틸글루코사민,0,65.0,0.0,0.0,0.0,0.0,0.0,0.0,0.0,0.0,0.0,0.0,0.0,0.0,0.0,0.0,0.0,0.0,0,0.0,0.0,0,0.0,0,0,0.0,0.0,0.0,0.0
rTG 알티지 오메가3 골드,0,25.0,0.0,0.0,0.0,0.0,0.0,0.0,0.0,0.0,0.0,0.0,0.0,0.0,0.0,0.0,0.0,0.0,0,0.0,0.0,0,0.0,0,0,0.0,0.0,600.0,0.0
rTG 알티지 오메가3,0,0.0,3.3,0.0,0.0,0.0,0.0,0.0,0.0,0.0,0.0,0.0,0.0,0.0,0.0,0.0,0.0,0.0,0,0.0,0.0,0,0.0,0,0,0.0,0.0,500.0,0.0
가르시니아 칼로컷,0,0.0,0.0,0.0,1.2,1.4,0.0,0.0,0.0,0.0,0.0,0.0,0.0,0.0,0.0,0.0,0.0,0.0,0,0.0,0.0,0,0.0,0,0,0.0,0.0,0.0,0.0
간 건강,0,0.0,5.5,0.0,3.5,4.3,0.0,4.0,0.0,0.0,0.0,0.0,0.0,0.0,0.0,8.5,0.0,0.0,0,0.0,0.0,0,0.0,0,0,0.0,0.0,0.0,0.0
간건강 밀크씨슬 10 플러스,0,0.0,0.0,0.0,1.2,1.4,15.0,1.5,400.0,2.4,30.0,0.0,0.0,0.0,0.0,8.5,0.0,0.0,0,0.0,0.0,0,0.0,0,0,0.0,0.0,0.0,0.0
간건강세븐밀크씨슬,0,0.0,0.0,0.0,1.2,1.4,15.0,1.5,0.0,0.0,0.0,0.0,0.0,0.0,0.0,0.0,0.0,20.0,0,0.0,0.0,0,0.0,0,0,0.0,0.0,0.0,0.0
간건강엔 밀크씨슬,0,0.0,0.0,0.0,1.2,1.4,15.0,1.5,400.0,2.4,30.0,0.0,0.0,0.0,0.0,8.5,0.8,55.0,0,3.0,0.0,0,0.0,0,0,0.0,0.0,0.0,0.0
간건강엔곰피로,0,0.0,0.0,0.0,50.0,40.0,50.0,50.0,0.0,0.0,0.0,0.0,0.0,0.0,0.0,0.0,0.0,0.0,0,0.0,0.0,0,0.0,0,0,0.0,0.0,0.0,0.0
간건강프리미엄밀크씨슬,0,0.0,0.0,0.0,1.2,1.4,0.0,0.75,0.0,0.0,0.0,0.0,0.0,0.0,0.0,4.25,0.0,0.0,0,0.0,0.0,0,0.0,0,0,0.0,0.0,0.0,0.0
간에 좋은 프리미엄 밀크씨슬,0,5.0,3.3,0.0,1.2,1.4,4.5,1.5,400.0,2.4,0.0,30.0,0.0,0.0,0.0,2.55,0.0,0.0,0,0.0,0.0,0,0.0,0,0,0.0,0.0,0.0,0.0
간에는 역시 밀크시슬파워,0,0.0,0.0,0.0,1.2,1.4,15.0,1.5,400.0,0.0,0.0,0.0,0.0,0.0,0.0,6.0,0.0,55.0,0,0.0,0.0,0,0.0,0,0,0.0,0.0,0.0,0.0
간에좋은 밀크씨슬,0,0.0,0.0,0.0,1.1,1.2,13.5,1.4,0.0,0.0,0.0,0.0,0.0,0.0,0.0,0.0,0.0,0.0,0,0.0,0.0,0,0.0,0,0,0.0,0.0,0.0,0.0
간에좋은밀크씨슬,0,0.0,0.0,0.0,1.2,1.4,15.0,1.5,400.0,0.0,0.0,0.0,0.0,0.0,0.0,0.0,0.0,0.0,0,0.0,0.0,0,0.0,0,0,0.0,0.0,0.0,0.0
간에좋은밀크씨슬골드,0,0.0,3.85,0.0,1.8,1.4,0.0,1.5,0.0,0.0,0.0,0.0,0.0,0.0,0.0,8.5,0.0,0.0,0,0.0,0.0,0,0.0,0,0,0.0,0.0,0.0,0.0
간에좋은밀크씨슬플러스,0,0.0,0.0,0.0,1.2,1.4,7.5,1.5,0.0,0.0,0.0,0.0,0.0,0.0,0.0,2.55,0.0,0.0,0,0.0,0.0,0,0.0,0,0,0.0,0.0,0.0,0.0
간편안 밀크씨슬,0,0.0,0.0,0.0,1.2,1.4,0.0,1.5,400.0,0.0,0.0,0.0,0.0,0.0,0.0,8.5,0.0,0.0,0,0.0,0.0,0,0.0,0,0,0.0,0.0,0.0,0.0
감비책 다이어트,0,0.0,0.0,0.0,0.0,0.0,0.0,0.0,0.0,0.0,0.0,0.0,0.0,0.0,0.0,0.0,0.0,0.0,0,0.0,0.0,0,5.0,0,0,0.0,0.0,0.0,0.0
강화한키즈종합비타민,0,3.0,3.3,0.0,0.66,0.86,0.0,0.75,0.0,0.85,0.0,32.3,0.0,0.0,0.0,3.1,0.0,0.0,0,1.5,0.0,0,0.0,0,0,0.0,0.0,0.0,260.0
갱년케어1000,0,10.0,11.0,0.0,0.0,0.0,0.0,1.5,0.0,0.0,0.0,0.0,0.0,0.0,0.0,0.0,0.0,55.0,0,0.0,0.0,0,0.0,0,0,0.0,0.0,0.0,700.0
건강더함 오메가3,0,12.0,13.2,0.0,0.0,0.0,0.0,0.0,0.0,0.0,0.0,0.0,0.0,0.0,0.0,0.0,0.0,0.0,0,0.0,0.0,0,0.0,0,0,0.0,0.0,600.0,840.0
건강백세효모,0,0.0,0.0,0.0,0.0,0.0,0.0,0.0,0.0,0.0,30.0,0.0,0.0,0.0,0.0,4.0,0.0,55.0,0,0.0,0.0,0,0.0,0,0,0.0,0.0,0.0,0.0
건강한 간 밀크씨슬,0,0.0,0.0,0.0,0.36,0.42,0.0,0.45,0.0,0.0,0.0,0.0,0.0,0.0,0.0,2.55,0.0,0.0,0,0.0,0.0,0,0.0,0,0,0.0,0.0,0.0,0.0
건강한 멀티비타민 미네랄,0,5.0,0.0,0.0,0.36,0.42,4.5,0.45,132.0,0.72,0.0,30.0,0.0,0.0,0.0,2.55,0.32,18.0,0,1.0,7.5,0,0.0,0,0,0.0,0.0,0.0,210.0
건강한 멀티비타민&미네랄,0,0.0,0.0,0.0,1.15,1.56,15.26,1.92,460.0,0.0,135.0,40.0,310.0,0.0,0.0,10.2,0.0,98.0,0,0.0,0.0,0,0.0,0,0,0.0,0.0,0.0,0.0
건강한 프로폴리스,0,10.0,11.0,0.0,0.0,1.4,0.0,0.0,0.0,0.0,0.0,0.0,0.0,0.0,0.0,8.5,0.0,0.0,0,0.0,0.0,0,0.0,0,0,0.0,0.0,0.0,700.0
건조한 눈엔 루테인오메가3,0,0.0,13.2,0.0,0.0,0.0,0.0,0.0,0.0,0.0,0.0,0.0,0.0,0.0,0.0,0.0,0.0,0.0,0,0.0,0.0,0,0.0,0,0,0.0,20.0,600.0,840.0
겟잇뉴트리 올인원 마그네슘 비타민D,0,10.0,0.0,0.0,1.2,1.4,0.0,1.5,0.0,2.4,0.0,0.0,0.0,315.0,0.0,0.0,0.0,0.0,0,0.0,0.0,0,0.0,0,0,0.0,0.0,0.0,0.0
경남비타민씨플러스,0,0.0,0.0,0.0,0.0,0.0,3.93,0.46,0.0,0.0,20.52,1000.0,0.0,0.0,0.0,3.65,0.0,0.0,0,0.0,0.0,0,0.0,0,0,0.0,0.0,0.0,0.0
고려인삼농축액,0,0.0,0.0,0.0,0.0,0.0,0.0,0.0,0.0,0.0,0.0,0.0,0.0,0.0,0.0,0.0,0.0,0.0,0,0.0,0.0,0,0.0,0,0,25.0,0.0,0.0,0.0
고려인삼농축액골드,0,0.0,0.0,0.0,0.0,0.0,0.0,0.0,0.0,0.0,0.0,0.0,0.0,0.0,0.0,0.0,0.0,0.0,0,0.0,0.0,0,0.0,0,0,15.0,0.0,0.0,0.0
고려인삼분말,0,0.0,0.0,0.0,0.0,0.0,0.0,0.0,0.0,0.0,0.0,0.0,0.0,0.0,0.0,0.0,0.0,0.0,0,0.0,0.0,0,0.0,0,0,24.0,0.0,0.0,0.0
고려인삼분말캡슐,0,0.0,0.0,0.0,0.0,0.0,0.0,0.0,0.0,0.0,0.0,0.0,0.0,0.0,0.0,0.0,0.0,0.0,0,0.0,0.0,0,0.0,0,0,6.0,0.0,0.0,0.0
고려인삼차,0,0.0,0.0,0.0,0.0,0.0,0.0,0.0,0.0,0.0,0.0,0.0,0.0,0.0,0.0,0.0,0.0,0.0,0,0.0,0.0,0,0.0,0,0,7.2,0.0,0.0,0.0
고려인삼차골드,0,0.0,0.0,0.0,0.0,0.0,0.0,0.0,0.0,0.0,0.0,0.0,0.0,0.0,0.0,0.0,0.0,0.0,0,0.0,0.0,0,0.0,0,0,7.2,0.0,0.0,0.0
고려태극홍삼농축액,0,0.0,0.0,0.0,0.0,0.0,0.0,0.0,0.0,0.0,0.0,0.0,0.0,0.0,0.0,0.0,0.0,0.0,0,0.0,0.0,0,0.0,0,0,12.0,0.0,0.0,0.0
고려홍삼농축액,0,0.0,0.0,0.0,0.0,0.0,0.0,0.0,0.0,0.0,0.0,0.0,0.0,0.0,0.0,0.0,0.0,0.0,0,0.0,0.0,0,0.0,0,0,27.0,0.0,0.0,0.0
고려홍삼농축액골드,0,0.0,0.0,0.0,0.0,0.0,0.0,0.0,0.0,0.0,0.0,0.0,0.0,0.0,0.0,0.0,0.0,0.0,0,0.0,0.0,0,0.0,0,0,30.0,0.0,0.0,0.0
고려홍삼정(錠),0,0.0,0.0,0.0,0.0,0.0,0.0,0.0,0.0,0.0,0.0,0.0,0.0,0.0,0.0,0.0,0.0,0.0,0,0.0,0.0,0,0.0,0,0,3.24,0.0,0.0,0.0
고려홍삼정,0,0.0,0.0,0.0,0.0,0.0,0.0,0.0,0.0,0.0,0.0,0.0,0.0,0.0,0.0,0.0,0.0,0.0,0,0.0,0.0,0,0.0,0,0,15.0,0.0,0.0,0.0
고려홍삼정골드,0,0.0,0.0,0.0,0.0,0.0,0.0,0.0,0.0,0.0,0.0,0.0,0.0,0.0,0.0,0.0,0.0,0.0,0,0.0,0.0,0,0.0,0,0,24.0,0.0,0.0,0.0
고려홍삼정골드캡슐,0,0.0,0.0,0.0,0.0,0.0,0.0,0.0,0.0,0.0,0.0,0.0,0.0,0.0,0.0,0.0,0.0,0.0,0,0.0,0.0,0,0.0,0,0,3.17,0.0,0.0,0.0
고려홍삼정데일리파워스틱,0,0.0,0.0,0.0,0.0,0.0,0.0,0.0,0.0,0.0,0.0,0.0,0.0,0.0,0.0,0.0,0.0,0.0,0,0.0,0.0,0,0.0,0,0,4.0,0.0,0.0,0.0
고려홍삼정시그니처,0,0.0,0.0,0.0,0.0,0.0,0.0,0.0,0.0,0.0,0.0,0.0,0.0,0.0,0.0,0.0,0.0,0.0,0,0.0,0.0,0,0.0,0,0,17.0,0.0,0.0,0.0
고려홍삼정파워,0,0.0,0.0,0.0,0.0,0.0,0.0,0.0,0.0,0.0,0.0,0.0,0.0,0.0,0.0,0.0,0.0,0.0,0,0.0,0.0,0,0.0,0,0,15.0,0.0,0.0,0.0
고려홍삼정프리미엄,0,0.0,0.0,0.0,0.0,0.0,0.0,0.0,0.0,0.0,0.0,0.0,0.0,0.0,0.0,0.0,0.0,0.0,0,0.0,0.0,0,0.0,0,0,30.0,0.0,0.0,0.0
고려홍삼정프리미엄스틱,0,0.0,0.0,0.0,0.0,0.0,0.0,0.0,0.0,0.0,0.0,0.0,0.0,0.0,0.0,0.0,0.0,0.0,0,0.0,0.0,0,0.0,0,0,15.0,0.0,0.0,0.0
고려홍삼차(Korea Redginseng Tea),0,0.0,0.0,0.0,0.0,0.0,0.0,0.0,0.0,0.0,0.0,0.0,0.0,0.0,0.0,0.0,0.0,0.0,0,0.0,0.0,0,0.0,0,0,8.0,0.0,0.0,0.0
고려홍삼차,0,0.0,0.0,0.0,0.0,0.0,0.0,0.0,0.0,0.0,0.0,0.0,0.0,0.0,0.0,0.0,0.0,0.0,0,0.0,0.0,0,0.0,0,0,4.5,0.0,0.0,0.0
고려흑삼농축액,0,0.0,0.0,0.0,0.0,0.0,0.0,0.0,0.0,0.0,0.0,0.0,0.0,0.0,0.0,0.0,0.0,0.0,0,0.0,0.0,0,0.0,0,0,15.0,0.0,0.0,0.0
고려흑삼정캡슐,0,0.0,0.0,0.0,0.0,0.0,0.0,0.0,0.0,0.0,0.0,0.0,0.0,0.0,0.0,0.0,0.0,0.0,0,0.0,0.0,0,0.0,0,0,3.2,0.0,0.0,0.0
고려흑삼차,0,0.0,0.0,0.0,0.0,0.0,0.0,0.0,0.0,0.0,0.0,0.0,0.0,0.0,0.0,0.0,0.0,0.0,0,0.0,0.0,0,0.0,0,0,7.5,0.0,0.0,0.0
곡물보감S,0,0.0,0.0,0.0,0.0,0.0,0.0,0.0,0.0,0.0,0.0,0.0,0.0,0.0,0.0,0.0,0.0,0.0,0,0.0,0.0,0,3000.0,0,0,0.0,0.0,0.0,0.0
관절·연골 건강 엠에스엠 비타민D,0,3.0,0.0,0.0,0.0,0.0,0.0,0.0,0.0,0.0,0.0,0.0,0.0,0.0,0.0,3.0,0.0,0.0,0,0.0,0.0,0,0.0,0,0,0.0,0.0,0.0,0.0
관절짱,0,10.0,0.0,0.0,0.0,0.0,0.0,0.0,0.0,0.0,0.0,0.0,0.0,0.0,0.0,3.0,0.0,0.0,0,0.0,0.0,0,0.0,0,0,0.0,0.0,0.0,0.0
관절팔팔 플러스,0,10.0,13.64,0.0,0.0,0.0,0.0,0.0,0.0,0.0,0.0,0.0,0.0,0.0,0.0,0.0,0.0,0.0,0,0.0,0.0,0,0.0,0,0,0.0,0.0,50.0,0.0
광동 눈 건강엔 루테인,0,10.0,3.3,0.0,0.0,0.0,0.0,0.0,0.0,0.0,0.0,31.5,0.0,0.0,0.0,7.2,0.0,0.0,0,0.0,0.0,0,0.0,0,0,0.0,20.0,0.0,700.0
광동 마그네슘,0,0.0,0.0,0.0,1.2,1.4,0.0,1.5,0.0,0.0,0.0,0.0,0.0,315.0,0.0,0.0,0.0,0.0,0,0.0,0.0,0,0.0,0,0,0.0,0.0,0.0,0.0
광동 맛있는 활성비타민D3 2000IU,0,50.0,3.3,0.0,0.0,0.0,0.0,0.0,0.0,0.0,0.0,0.0,0.0,0.0,0.0,8.5,0.0,0.0,0,0.0,0.0,0,0.0,0,0,0.0,0.0,0.0,0.0
광동 쏘팔메토쎈 115,0,0.0,11.0,0.0,0.0,0.0,0.0,0.0,0.0,0.0,0.0,0.0,0.0,0.0,0.0,8.5,0.0,0.0,0,3.0,0.0,0,0.0,0,0,0.0,0.0,0.0,0.0
궁내삼 흑삼블랙,0,0.0,0.0,0.0,0.0,0.0,0.0,0.0,0.0,0.0,0.0,0.0,0.0,0.0,0.0,0.0,0.0,0.0,0,0.0,0.0,0,0.0,0,0,25.0,0.0,0.0,0.0
궁내삼홍삼진액,0,0.0,0.0,0.0,0.0,0.0,0.0,0.0,0.0,0.0,0.0,0.0,0.0,0.0,0.0,0.0,0.0,0.0,0,0.0,0.0,0,0.0,0,0,8.0,0.0,0.0,0.0
귀리식이섬유,0,0.0,0.0,0.0,0.0,0.0,0.0,0.0,0.0,0.0,0.0,0.0,0.0,0.0,0.0,0.0,0.0,0.0,0,0.0,0.0,0,3.0,0,0,0.0,0.0,0.0,0.0
그린컷 카테킨 애프터,0,0.0,0.0,0.0,0.0,0.0,0.0,0.0,800.0,0.0,0.0,100.0,0.0,0.0,0.0,8.5,0.0,55.0,0,0.0,0.0,0,0.0,0,0,0.0,0.0,0.0,0.0
그린픽 뼈건강,0,10.0,0.0,0.0,0.0,0.0,0.0,0.0,0.0,0.0,0.0,0.0,300.0,150.0,0.0,0.0,0.0,0.0,0,0.0,0.0,0,0.0,0,0,0.0,0.0,0.0,0.0
기분좋은 그날 감마리놀렌산,0,0.0,3.3,0.0,0.0,0.0,0.0,0.0,0.0,0.0,0.0,0.0,0.0,0.0,0.0,0.0,0.0,0.0,0,0.0,0.0,0,0.0,0,0,0.0,0.0,0.0,0.0
기억력개선 청명삼,0,0.0,0.0,0.0,0.0,0.0,0.0,0.0,0.0,0.0,0.0,0.0,0.0,0.0,0.0,0.0,0.0,0.0,0,0.0,0.0,0,0.0,0,0,3.0,0.0,0.0,0.0
나온데이,0,0.0,0.0,0.0,0.0,0.0,0.0,0.0,0.0,0.0,0.0,0.0,0.0,0.0,0.0,0.0,0.0,0.0,0,0.0,0.0,0,7.0,0,0,0.0,0.0,0.0,0.0
내일의 장 포스트바이오틱스,0,0.0,0.0,0.0,0.0,0.0,0.0,0.0,0.0,0.0,0.0,0.0,0.0,0.0,0.0,8.5,0.0,0.0,0,0.0,0.0,0,0.0,0,1000000000,0.0,0.0,0.0,0.0
내일의 힘 멀티비타민미네랄,0,5.0,5.5,35.0,0.6,0.7,7.5,0.75,200.0,1.2,45.0,50.0,0.0,0.0,6.0,4.25,0.0,27.5,75,1.5,12.5,0,0.0,0,0,0.0,0.0,0.0,350.0
내일이다른 간건강엔 밀크씨슬,0,0.0,0.0,0.0,1.2,1.4,15.0,1.5,400.0,0.0,0.0,0.0,0.0,0.0,0.0,6.0,0.0,55.0,0,0.0,0.0,0,0.0,0,0,0.0,0.0,0.0,0.0
네이처드림 간에 좋은 밀크씨슬,0,0.0,0.0,0.0,1.05,1.22,4.5,1.42,0.0,0.0,0.0,0.0,0.0,0.0,0.0,4.25,0.0,20.0,0,0.0,0.0,0,0.0,0,0,0.0,0.0,0.0,0.0
네이처드림 남성건강엔 쏘팔메토 옥타코사놀,0,0.0,0.0,0.0,0.0,0.0,0.0,0.0,0.0,0.0,0.0,0.0,0.0,0.0,0.0,12.0,0.0,0.0,0,0.0,0.0,0,0.0,0,0,0.0,0.0,0.0,0.0
네이처드림 눈에좋은 루테인11,0,0.0,11.1,0.0,0.0,0.0,13.52,1.58,400.0,2.93,0.0,0.0,0.0,0.0,0.0,8.5,0.8,18.0,0,2.21,0.0,0,0.0,0,0,0.0,0.0,0.0,750.0
네이처드림 몸에 좋은 멀티비타민17,0,10.0,11.0,70.0,1.2,1.4,15.0,1.5,400.0,2.4,0.0,0.0,0.0,0.0,12.0,8.5,0.0,55.0,150,3.0,25.0,0,0.0,0,0,0.0,0.0,0.0,700.0
네이처드림 몸에 좋은 비오틴,0,0.0,5.5,0.0,0.0,0.0,0.0,0.0,0.0,0.0,300.0,50.0,0.0,0.0,0.0,4.25,0.0,27.5,0,0.0,0.0,0,0.0,0,0,0.0,0.0,0.0,350.0
네이처드림 뼈에좋은 비타민D,0,50.0,0.0,0.0,0.0,0.0,0.0,0.0,0.0,0.0,0.0,0.0,0.0,0.0,0.0,0.0,0.0,0.0,0,0.0,0.0,0,0.0,0,0,0.0,0.0,0.0,0.0
네이처드림 알티지오메가3 루테인 플러스,0,0.0,5.5,0.0,0.0,0.0,0.0,0.0,0.0,0.0,0.0,0.0,0.0,0.0,0.0,0.0,0.0,0.0,0,0.0,0.0,0,0.0,0,0,0.0,20.0,600.0,700.0
네이처드림 알티지오메가3 징코빌로바,0,0.0,0.0,0.0,0.0,0.0,0.0,0.0,0.0,0.0,0.0,0.0,0.0,0.0,0.0,0.0,0.0,0.0,0,0.0,0.0,0,0.0,0,0,0.0,0.0,600.0,0.0
네이처드림 장에 좋은 생유산균19,0,0.0,0.0,0.0,0.0,0.0,0.0,0.0,0.0,0.0,0.0,0.0,0.0,0.0,0.0,0.0,0.0,0.0,0,0.0,0.0,0,0.0,0,100000000,0.0,0.0,0.0,0.0
네이처드림 혈행에 좋은 알티지 오메가3,0,0.0,3.3,0.0,0.0,0.0,0.0,0.0,0.0,0.0,0.0,0.0,0.0,0.0,0.0,0.0,0.0,0.0,0,0.0,0.0,0,0.0,0,0,0.0,0.0,600.0,0.0
네이처드림 혈행에 좋은 초임계 알티지오메가3,0,10.0,3.3,0.0,0.0,0.0,0.0,0.0,0.0,0.0,0.0,0.0,0.0,0.0,0.0,0.0,0.0,0.0,0,0.0,0.0,0,0.0,0,0,0.0,0.0,600.0,0.0
네이처드림 활력에 좋은 비타민B 컴플렉스,0,5.0,11.0,70.0,3.0,3.5,15.0,3.7,400.0,6.0,0.0,0.0,0.0,0.0,0.0,0.0,0.0,0.0,0,0.0,0.0,0,0.0,0,0,0.0,0.0,0.0,700.0
네이처바이오 밀크씨슬,0,0.0,0.0,0.0,0.8,0.8,9.0,0.8,0.0,0.0,0.0,0.0,0.0,0.0,0.0,4.0,0.0,0.0,0,0.0,0.0,0,0.0,0,0,0.0,0.0,0.0,0.0
녹차 카테킨,0,0.0,4.25,0.0,0.0,0.0,0.0,0.0,0.0,0.0,0.0,65.0,0.0,0.0,0.0,0.0,0.0,21.0,0,0.0,0.0,0,0.0,0,0,0.0,0.0,0.0,0.0
녹차카테킨,0,10.0,11.0,0.0,12.0,14.0,45.0,15.0,0.0,24.0,0.0,100.0,0.0,0.0,0.0,8.5,0.0,55.0,0,0.0,0.0,0,0.0,0,0,0.0,0.0,0.0,700.0
농협 6년근 고려 100년 홍삼정스틱 수,0,0.0,0.0,0.0,0.0,0.0,0.0,0.0,0.0,0.0,0.0,0.0,0.0,0.0,0.0,0.0,0.0,0.0,0,0.0,0.0,0,0.0,0,0,5.25,0.0,0.0,0.0
농협 6년근 고려 100년 홍삼정스틱 왕,0,0.0,0.0,0.0,0.0,0.0,0.0,0.0,0.0,0.0,0.0,0.0,0.0,0.0,0.0,0.0,0.0,0.0,0,0.0,0.0,0,0.0,0,0,31.5,0.0,0.0,0.0
농협 6년근 고려 100년 홍삼정스틱 천,0,0.0,0.0,0.0,0.0,0.0,0.0,0.0,0.0,0.0,0.0,0.0,0.0,0.0,0.0,0.0,0.0,0.0,0,0.0,0.0,0,0.0,0,0,10.5,0.0,0.0,0.0
눈건강 루테인,0,0.0,0.0,0.0,0.0,1.4,15.0,1.5,400.0,2.4,0.0,0.0,0.0,0.0,0.0,8.5,0.8,55.0,0,3.0,0.0,0,0.0,0,0,0.0,0.0,0.0,700.0
눈건강 루테인지아잔틴,0,0.0,3.3,0.0,0.0,0.42,0.0,0.45,0.0,0.0,0.0,30.0,0.0,0.0,0.0,2.55,0.24,16.5,0,0.0,0.0,0,0.0,0,0,0.0,18.18,0.0,0.0
눈건강 비타민A,0,0.0,6.6,0.0,0.0,0.0,0.0,0.0,0.0,0.0,0.0,0.0,0.0,0.0,0.0,0.0,0.0,0.0,0,0.0,0.0,0,0.0,0,0,0.0,20.0,0.0,700.0
눈건강루테인플러스,0,0.0,3.35,0.0,0.0,0.0,0.0,0.0,0.0,0.0,0.0,0.0,0.0,0.0,0.0,0.0,0.0,0.0,0,0.0,0.0,0,0.0,0,0,0.0,20.0,0.0,700.0
눈부신 비타민D 4000IU,0,100.0,11.0,0.0,0.0,0.0,0.0,0.0,0.0,0.0,0.0,0.0,0.0,0.0,0.0,0.0,0.0,0.0,0,0.0,0.0,0,0.0,0,0,0.0,0.0,0.0,0.0
눈에 좋은 루테인11,0,0.0,11.1,0.0,0.0,0.0,13.52,1.58,400.0,2.93,0.0,0.0,0.0,0.0,0.0,8.5,0.8,18.0,0,2.21,0.0,0,0.0,0,0,0.0,20.0,0.0,750.0
눈에는 역시 루테인파워,0,0.0,11.0,0.0,0.0,1.4,15.0,1.5,0.0,0.0,0.0,0.0,0.0,0.0,0.0,8.5,0.0,55.0,0,3.0,0.0,0,0.0,0,0,0.0,0.0,0.0,700.0
눈엔 파워 루테인,0,0.0,0.0,0.0,0.0,1.2,0.0,1.5,0.0,0.0,0.0,0.0,0.0,0.0,0.0,12.0,0.0,0.0,0,2.0,0.0,0,0.0,0,0,0.0,20.0,0.0,700.0
눈영양비타민A,0,0.0,0.0,0.0,0.0,0.0,0.0,0.0,0.0,0.0,0.0,0.0,0.0,0.0,0.0,0.0,0.0,0.0,0,0.0,0.0,0,0.0,0,0,0.0,0.0,0.0,350.0
눈촉촉 오메가3,0,0.0,3.3,0.0,0.0,0.0,0.0,0.0,0.0,0.0,0.0,0.0,0.0,0.0,0.0,0.0,0.0,0.0,0,0.0,0.0,0,0.0,0,0,0.0,0.0,600.0,0.0
뉴 알티지 오메가 3,0,0.0,11.0,0.0,0.0,0.0,0.0,0.0,0.0,0.0,0.0,0.0,0.0,0.0,0.0,0.0,0.0,0.0,0,0.0,0.0,0,0.0,0,0,0.0,0.0,600.0,0.0
뉴트리 디-데이 플러스 멀티비타민 앤 미네랄,0,0.0,0.0,0.0,0.36,0.42,0.0,0.45,120.0,0.0,0.0,100.0,0.0,0.0,0.0,3.0,0.0,0.0,0,0.0,0.0,0,0.0,0,0,0.0,0.0,0.0,210.0
뉴트리 디-데이 플러스 오메가3,0,0.0,3.3,0.0,0.0,0.0,0.0,0.0,0.0,0.0,0.0,0.0,0.0,0.0,0.0,0.0,0.0,0.0,0,0.0,0.0,0,0.0,0,0,0.0,0.0,500.0,0.0
뉴트리레시피 밀크씨슬,0,0.0,0.0,0.0,0.5,0.6,5.0,0.9,200.0,0.0,0.0,0.0,0.0,0.0,0.0,4.0,0.0,38.0,0,0.0,0.0,0,0.0,0,0,0.0,0.0,0.0,0.0
뉴트리레시피 비타민C,0,0.0,0.0,0.0,0.0,0.0,0.0,0.0,0.0,0.0,0.0,150.0,0.0,0.0,0.0,0.0,0.0,0.0,0,0.0,0.0,0,0.0,0,0,0.0,0.0,0.0,0.0
뉴트맘스올인원,0,25.0,20.0,0.0,2.8,2.9,19.4,4.1,620.0,4.8,30.0,55.0,0.0,0.0,20.0,10.5,0.0,100.0,150,3.5,0.0,0,0.0,0,0,0.0,0.0,0.0,0.0
뉴트키즈철분,0,0.0,0.0,0.0,0.0,0.0,0.0,0.0,120.0,0.0,0.0,50.0,0.0,0.0,14.0,0.0,0.0,0.0,0,0.0,0.0,0,0.0,0,0,0.0,0.0,0.0,0.0
뉴트키즈타민,0,10.0,10.0,0.0,1.0,1.2,0.0,10.5,180.0,3.3,22.0,0.0,0.0,0.0,0.0,7.0,0.0,0.0,0,0.0,0.0,0,0.0,0,0,0.0,0.0,0.0,350.0
늘비움,0,0.0,0.0,0.0,0.0,0.0,0.0,0.0,0.0,0.0,0.0,0.0,0.0,0.0,0.0,0.0,0.0,0.0,0,0.0,0.0,0,3.95,0,0,0.0,0.0,0.0,0.0
다이노키키 면역젤리,0,0.0,8.5,0.0,0.0,0.0,0.0,0.0,0.0,0.0,0.0,0.0,0.0,0.0,0.0,8.5,0.0,55.0,0,0.0,0.0,0,0.0,0,0,0.0,0.0,0.0,0.0
다이어트 가르시니아,0,0.0,0.0,0.0,1.2,0.0,0.0,0.0,0.0,0.0,0.0,0.0,0.0,0.0,0.0,0.0,0.0,0.0,0,0.0,0.0,0,0.0,0,100000000,0.0,0.0,0.0,0.0
다이어트보조제 비밀이야 시그니처,0,10.0,11.0,0.0,1.2,1.4,15.0,1.5,400.0,0.0,30.0,100.0,0.0,0.0,0.0,8.5,0.0,55.0,0,0.0,0.0,0,0.0,0,0,0.0,0.0,0.0,700.0
닥터 퀸즈 밸런스,0,25.0,0.0,0.0,0.0,0.0,0.0,0.0,0.0,0.0,0.0,0.0,210.0,105.0,0.0,0.0,0.0,0.0,0,3.0,0.0,0,0.0,0,0,0.0,0.0,0.0,0.0
닥터.비타민1100,0,5.0,6.0,30.0,2.0,2.4,14.0,2.8,360.0,2.2,22.0,80.0,0.0,0.0,0.0,4.0,0.0,25.0,0,2.0,0.0,0,0.0,0,0,0.0,0.0,0.0,350.0
닥터닥터스 간에좋은 밀크씨슬,0,0.0,0.0,0.0,1.2,1.4,15.0,1.5,0.0,0.0,0.0,0.0,0.0,0.0,0.0,0.0,0.0,110.0,0,0.0,0.0,0,0.0,0,0,0.0,0.0,0.0,0.0
닥터루트 프로바이오틱스 아연 플러스,0,0.0,0.0,0.0,0.0,0.0,0.0,0.0,0.0,0.0,0.0,0.0,0.0,0.0,0.0,2.55,0.0,0.0,0,0.0,0.0,0,0.0,0,100000000,0.0,0.0,0.0,0.0
닥터린 마그네슘 B6,0,0.0,0.0,0.0,0.0,0.0,0.0,0.45,0.0,0.0,0.0,0.0,0.0,315.0,0.0,0.0,0.0,0.0,0,0.0,0.0,0,0.0,0,0,0.0,0.0,0.0,0.0
닥터린 비타민C,0,0.0,0.0,0.0,0.0,0.0,0.0,0.0,0.0,0.0,0.0,100.0,0.0,0.0,0.0,0.0,0.0,0.0,0,0.0,0.0,0,0.0,0,0,0.0,0.0,0.0,0.0
닥터스뷰 칼슘 플러스,0,9.8,0.0,0.0,0.0,0.0,0.0,0.0,0.0,0.0,0.0,0.0,225.0,0.0,0.0,0.0,0.0,0.0,0,0.0,0.0,0,0.0,0,0,0.0,0.0,0.0,0.0
닥터스뷰 홍당퐁당,0,0.0,0.0,0.0,0.0,0.0,0.0,0.0,0.0,0.0,0.0,0.0,0.0,0.0,0.0,0.0,0.0,0.0,0,0.0,0.0,0,0.0,0,0,6.0,0.0,0.0,0.0
닥터스뷰 활력맨,0,0.0,0.0,0.0,1.2,1.4,0.0,1.4,0.0,0.0,0.0,0.0,0.0,0.0,0.0,8.0,0.0,0.0,0,0.0,0.0,0,0.0,0,0,0.0,0.0,0.0,0.0
닥터스징코,0,0.0,0.0,0.0,0.0,0.0,0.0,0.0,0.0,0.0,0.0,30.0,0.0,0.0,0.0,8.5,0.0,0.0,0,0.0,0.0,0,0.0,0,0,0.0,0.0,0.0,0.0
닥터썬디드롭스 1000IU,0,25.0,0.0,0.0,0.0,0.0,0.0,0.0,0.0,0.0,0.0,0.0,0.0,0.0,0.0,0.0,0.0,0.0,0,0.0,0.0,0,0.0,0,0,0.0,0.0,0.0,0.0
닥터썬디드롭스 400IU,0,10.0,0.0,0.0,0.0,0.0,0.0,0.0,0.0,0.0,0.0,0.0,0.0,0.0,0.0,0.0,0.0,0.0,0,0.0,0.0,0,0.0,0,0,0.0,0.0,0.0,0.0
닥터앤토프로바이오틱스,0,0.0,0.0,0.0,0.0,0.0,0.0,0.0,0.0,0.0,0.0,0.0,0.0,0.0,0.0,0.0,0.0,0.0,0,0.0,0.0,0,0.0,0,100000000,0.0,0.0,0.0,0.0
닥터에스더 셀레늄 콤플렉스,0,0.0,0.0,0.0,0.0,0.0,0.0,0.0,0.0,0.0,0.0,0.0,0.0,0.0,0.0,8.5,0.0,100.0,0,0.0,0.0,0,0.0,0,0,0.0,0.0,0.0,0.0
닥터지 프로바이오틱스 유산균 프리미엄,0,0.0,0.0,0.0,0.0,0.0,0.0,0.0,0.0,0.0,0.0,0.0,0.0,0.0,0.0,0.0,0.0,0.0,0,0.0,0.0,0,0.0,0,4400000000,0.0,0.0,0.0,0.0
닥터지비피더스,0,0.0,0.0,0.0,0.0,0.0,0.0,0.0,0.0,0.0,0.0,0.0,0.0,0.0,0.0,3.0,0.0,0.0,0,0.0,0.0,0,0.0,0,1000000000,0.0,0.0,0.0,0.0
닥터혈당컨트롤,0,0.0,5.0,0.0,0.53,0.72,7.92,1.04,265.84,0.0,60.0,0.0,0.0,0.0,0.0,4.5,0.0,45.0,0,0.0,0.0,0,0.0,0,0,0.0,0.0,0.0,0.0
당앤밸런스,0,0.0,0.0,0.0,0.0,0.0,0.0,0.0,0.0,0.0,0.0,0.0,0.0,0.0,0.0,0.0,0.0,0.0,0,0.0,0.0,0,0.0,0,0,6.6,0.0,0.0,0.0
대청옥,0,0.0,0.0,0.0,1.2,1.4,15.0,1.5,400.0,0.0,0.0,0.0,0.0,0.0,0.0,8.5,0.0,55.0,0,0.0,0.0,0,0.0,0,0,0.0,0.0,0.0,0.0
더 촉촉 히알루론산,0,0.0,15.0,0.0,0.0,0.0,0.0,0.0,0.0,0.0,0.0,0.0,0.0,0.0,0.0,0.0,0.0,0.0,0,0.0,0.0,0,0.0,0,0,0.0,0.0,0.0,1000.0
더팜 썬디드롭스 1000IU,0,25.0,0.0,0.0,0.0,0.0,0.0,0.0,0.0,0.0,0.0,0.0,0.0,0.0,0.0,0.0,0.0,0.0,0,0.0,0.0,0,0.0,0,0,0.0,0.0,0.0,0.0
더팜 썬디드롭스 400IU,0,10.0,0.0,0.0,0.0,0.0,0.0,0.0,0.0,0.0,0.0,0.0,0.0,0.0,0.0,0.0,0.0,0.0,0,0.0,0.0,0,0.0,0,0,0.0,0.0,0.0,0.0
더팜 아연 츄어블,0,0.0,0.0,0.0,0.0,0.42,0.0,0.0,0.0,2.4,0.0,30.0,0.0,0.0,0.0,12.0,0.0,0.0,0,0.0,0.0,0,0.0,0,0,0.0,0.0,0.0,0.0
더팜뉴바이오틱스,0,0.0,0.0,0.0,0.0,0.0,0.0,0.0,0.0,0.0,0.0,0.0,0.0,0.0,0.0,0.0,0.0,0.0,0,0.0,0.0,0,0.0,0,100000000,0.0,0.0,0.0,0.0
더팜뉴바이오틱스베이비,0,0.0,0.0,0.0,0.0,0.0,0.0,0.0,0.0,0.0,0.0,0.0,0.0,0.0,0.0,0.0,0.0,0.0,0,0.0,0.0,0,0.0,0,100000000,0.0,0.0,0.0,0.0
더팜뉴바이오틱스키즈,0,0.0,0.0,0.0,0.0,0.0,0.0,0.0,0.0,0.0,0.0,0.0,0.0,0.0,0.0,0.0,0.0,0.0,0,0.0,0.0,0,0.0,0,100000000,0.0,0.0,0.0,0.0
데이랩 간에좋은 밀크씨슬 실리마린,0,0.0,0.0,0.0,1.2,1.4,15.0,1.5,400.0,0.0,0.0,0.0,0.0,0.0,0.0,8.5,0.0,55.0,0,0.0,0.0,0,0.0,0,0,0.0,0.0,0.0,0.0
데일리 비타민C비타민D,0,10.0,0.0,0.0,0.0,0.0,0.0,0.0,0.0,0.0,0.0,1000.0,0.0,0.0,0.0,0.0,0.0,0.0,0,0.0,0.0,0,0.0,0,0,0.0,0.0,0.0,0.0
데일리비타민,0,0.0,0.0,0.0,0.0,0.0,0.0,0.0,0.0,0.0,0.0,500.0,0.0,0.0,0.0,0.0,0.0,0.0,0,0.0,0.0,0,0.0,0,0,0.0,0.0,0.0,0.0
데일리비타민C,0,0.0,0.0,0.0,0.0,0.0,0.0,0.0,0.0,0.0,0.0,500.0,300.0,0.0,0.0,0.0,0.0,0.0,0,0.0,0.0,0,0.0,0,0,0.0,0.0,0.0,0.0
데일리철분&엽산,0,10.0,0.0,0.0,0.0,1.4,0.0,0.0,600.0,0.0,0.0,0.0,0.0,0.0,15.0,0.0,0.0,0.0,0,0.0,0.0,0,0.0,0,0,0.0,0.0,0.0,0.0
데일리코어 상쾌한 변화,0,0.0,0.0,0.0,0.0,0.0,0.0,0.0,0.0,0.0,0.0,0.0,0.0,0.0,0.0,0.0,0.0,0.0,0,0.0,0.0,0,4.2,0,0,0.0,0.0,0.0,0.0
데일리코어 칼슘마그네슘D 망간,0,10.0,0.0,0.0,0.0,0.0,0.0,0.0,0.0,0.0,0.0,0.0,350.0,160.0,0.0,0.0,0.0,0.0,0,1.0,0.0,0,0.0,0,0,0.0,0.0,0.0,0.0
덴키스,0,0.0,3.3,0.0,0.0,0.0,0.0,0.0,0.0,0.0,0.0,0.0,0.0,0.0,0.0,0.0,0.0,0.0,0,0.0,0.0,0,0.0,0,0,0.0,0.0,0.0,0.0
동영제 관절건강 보스웰리아,0,10.0,0.0,0.0,0.0,0.0,0.0,0.0,0.0,0.0,0.0,0.0,0.0,157.5,0.0,8.5,0.0,55.0,0,3.0,0.0,0,0.0,0,0,0.0,0.0,0.0,0.0
두빛나래,0,0.0,0.0,0.0,0.0,0.0,0.0,0.0,0.0,0.0,0.0,0.0,0.0,0.0,0.0,0.0,0.0,0.0,0,0.0,0.0,0,3600.0,0,0,0.0,0.0,0.0,0.0
띠띠뽀 튼튼키즈 홍삼 프리미엄,0,0.0,0.0,0.0,0.0,0.0,0.0,0.0,0.0,0.0,0.0,0.0,0.0,0.0,0.0,0.0,0.0,0.0,0,0.0,0.0,0,0.0,0,0,7.0,0.0,0.0,0.0
라이트 컷,0,0.0,0.0,0.0,0.0,0.0,0.0,0.0,0.0,0.0,315.0,0.0,0.0,0.0,0.0,0.0,0.0,0.0,0,0.0,0.0,0,0.0,0,0,0.0,0.0,0.0,0.0
라이필 바이탈 키즈 프로바이오틱스,0,5.0,0.0,0.0,0.0,0.0,0.0,0.75,0.0,0.0,0.0,0.0,0.0,0.0,0.0,4.25,0.0,0.0,0,0.0,0.0,0,0.0,0,5000000000,0.0,0.0,0.0,0.0
락토바실러스 람노서스(Lactobacillus rhamnosus)HBT18002,0,0.0,0.0,0.0,0.0,0.0,0.0,0.0,0.0,0.0,0.0,0.0,0.0,0.0,0.0,0.0,0.0,0.0,0,0.0,0.0,0,0.0,0,100000000000,0.0,0.0,0.0,0.0
락토바실러스 플란타룸MB01,0,0.0,0.0,0.0,0.0,0.0,0.0,0.0,0.0,0.0,0.0,0.0,0.0,0.0,0.0,0.0,0.0,0.0,0,0.0,0.0,0,0.0,0,100000000000,0.0,0.0,0.0,0.0
락토플러스생유산균온가족,0,0.0,0.0,0.0,0.0,0.0,0.0,0.0,0.0,0.0,0.0,0.0,0.0,0.0,0.0,8.5,0.0,0.0,0,0.0,0.0,0,0.0,0,100000000,0.0,0.0,0.0,0.0
락티움 이지슬립,0,3.0,0.0,0.0,0.0,0.0,0.0,0.0,0.0,0.0,0.0,0.0,0.0,94.5,0.0,0.0,0.0,0.0,0,0.0,0.0,0,0.0,0,0,0.0,0.0,0.0,0.0
락피도 비타민D 드롭스 400IU,0,10.0,0.0,0.0,0.0,0.0,0.0,0.0,0.0,0.0,0.0,0.0,0.0,0.0,0.0,0.0,0.0,0.0,0,0.0,0.0,0,0.0,0,0,0.0,0.0,0.0,0.0
락피도철분키즈,0,0.0,0.0,0.0,0.0,0.0,0.0,0.8,0.0,0.72,0.0,50.0,0.0,0.0,14.2,0.0,0.0,0.0,0,0.0,0.0,0,0.0,0,0,0.0,0.0,0.0,0.0
락피도프로바이오틱스베이비,0,0.0,0.0,0.0,0.0,0.0,0.0,0.0,0.0,0.0,0.0,0.0,0.0,0.0,0.0,0.0,0.0,0.0,0,0.0,0.0,0,0.0,0,100000000,0.0,0.0,0.0,0.0
락피도프로바이오틱스키즈,0,0.0,0.0,0.0,0.0,0.0,0.0,0.0,0.0,0.0,0.0,0.0,0.0,0.0,0.0,0.0,0.0,0.0,0,0.0,0.0,0,0.0,0,100000000,0.0,0.0,0.0,0.0
레드마임업,0,0.0,0.0,0.0,0.0,0.0,0.0,0.0,400.0,3.0,0.0,0.0,0.0,0.0,0.0,0.0,0.0,0.0,0,0.0,0.0,0,0.0,0,0,0.0,0.0,0.0,0.0
레드지니(Red Genie),0,0.0,0.0,0.0,0.0,0.0,0.0,0.0,0.0,0.0,0.0,0.0,0.0,0.0,0.0,0.0,0.0,0.0,0,0.0,0.0,0,0.0,0,0,3.0,0.0,0.0,0.0
레드컷 가르시니아 비포,0,0.0,0.0,0.0,4.8,5.6,30.0,6.0,0.0,0.0,0.0,100.0,0.0,0.0,0.0,8.5,0.0,55.0,0,0.0,0.0,0,0.0,0,0,0.0,0.0,0.0,0.0
로얄프로폴리스,0,0.0,0.0,0.0,0.0,0.0,0.0,0.0,0.0,0.0,0.0,0.0,0.0,0.0,0.0,8.5,0.0,0.0,0,0.0,0.0,0,0.0,0,0,0.0,0.0,0.0,0.0
로우펫식이섬유플러스,0,0.0,0.0,0.0,0.0,0.0,0.0,0.0,0.0,0.0,0.0,0.0,0.0,0.0,0.0,0.0,0.0,0.0,0,0.0,0.0,0,7.0,0,0,0.0,0.0,0.0,0.0
로하비 프리미엄 마그네슘 이엑스,0,0.0,0.0,0.0,1.2,1.4,0.0,1.5,0.0,2.4,0.0,0.0,0.0,315.0,0.0,0.0,0.0,0.0,0,0.0,0.0,0,0.0,0,0,0.0,0.0,0.0,0.0
로하비 프리미엄 밀크씨슬 이엑스,0,0.0,0.0,0.0,1.2,1.4,15.0,1.5,400.0,0.0,0.0,0.0,0.0,0.0,0.0,8.5,0.0,55.0,0,0.0,0.0,0,0.0,0,0,0.0,0.0,0.0,0.0
로하비 프리미엄 징코그린 이엑스,0,0.0,0.0,0.0,1.2,1.4,15.0,1.5,0.0,0.0,0.0,0.0,0.0,0.0,4.8,4.25,0.24,55.0,0,3.0,0.0,0,0.0,0,0,0.0,0.0,0.0,0.0
루테인 LUTEIN,0,0.0,0.0,0.0,0.0,1.4,15.0,1.5,400.0,2.4,0.0,0.0,0.0,0.0,0.0,8.5,0.8,55.0,0,3.0,0.0,0,0.0,0,0,0.0,20.0,0.0,700.0
루테인 지아잔틴 아스타잔틴,0,0.0,0.0,0.0,0.0,0.0,0.0,0.0,0.0,0.0,0.0,0.0,0.0,0.0,0.0,8.5,0.0,55.0,0,0.0,0.0,0,0.0,0,0,0.0,18.18,0.0,0.0
루테인 프리미엄 눈건강 솔루션,0,0.0,3.3,0.0,0.0,0.0,15.0,0.0,0.0,0.0,0.0,0.0,0.0,0.0,0.0,8.5,0.0,55.0,0,0.0,0.0,0,0.0,0,0,0.0,20.0,0.0,700.0
루테인 플러스,0,0.0,11.1,0.0,0.0,1.29,13.52,1.58,800.0,2.93,0.0,0.0,0.0,0.0,0.0,12.8,0.8,18.0,0,2.21,0.0,0,0.0,0,0,0.0,0.0,0.0,750.0
루테인,0,0.0,4.38,0.0,0.0,0.0,0.0,0.0,0.0,0.0,0.0,0.0,0.0,0.0,0.0,0.0,0.0,0.0,0,0.0,0.0,0,0.0,0,0,0.0,20.0,0.0,461.0
루테인11,0,0.0,11.0,0.0,0.0,0.0,15.0,1.5,400.0,2.4,0.0,0.0,0.0,0.0,0.0,8.5,0.8,55.0,0,3.0,0.0,0,0.0,0,0,0.0,20.0,0.0,700.0
루테인사랑,0,0.0,3.3,0.0,0.0,0.0,0.0,0.0,0.0,0.0,0.0,30.0,0.0,0.0,0.0,8.5,0.0,0.0,0,0.0,0.0,0,0.0,0,0,0.0,20.0,0.0,700.0
루테인오메가3 LUTEIN OMEGA3,0,0.0,13.2,0.0,0.0,0.0,0.0,0.0,0.0,0.0,0.0,0.0,0.0,0.0,0.0,0.0,0.0,0.0,0,0.0,0.0,0,0.0,0,0,0.0,20.0,600.0,840.0
루테인오메가3 멀티비타민,0,20.0,5.5,0.0,1.2,1.4,7.5,1.5,800.0,2.4,30.0,0.0,0.0,0.0,0.0,8.5,0.0,55.0,0,3.0,0.0,0,0.0,0,0,0.0,20.0,600.0,700.0
루테인올로지,0,0.0,0.0,0.0,0.0,0.0,0.0,0.0,0.0,0.0,0.0,0.0,0.0,0.0,0.0,0.0,0.0,0.0,0,0.0,0.0,0,0.0,0,0,0.0,20.0,500.0,0.0
루테인지아잔틴 아스타잔틴 플러스,0,0.0,0.0,0.0,0.0,0.0,0.0,0.0,0.0,0.0,0.0,0.0,0.0,0.0,0.0,0.0,0.0,55.0,0,0.0,0.0,0,0.0,0,0,0.0,18.18,0.0,0.0
루테인플러스,0,10.0,11.1,0.0,0.0,1.29,13.52,1.58,800.0,2.93,0.0,0.0,0.0,0.0,0.0,12.8,0.8,18.0,0,2.21,0.0,0,0.0,0,0,0.0,20.0,0.0,750.0
리버락골드캡슐,0,0.0,0.0,0.0,1.2,1.5,15.0,1.5,0.0,0.0,0.0,0.0,210.0,0.0,0.0,0.0,0.0,0.0,0,0.0,0.0,0,0.0,0,0,0.0,0.0,0.0,0.0
리버뷰 밀크씨슬,0,0.0,0.0,0.0,1.1,1.2,13.5,1.4,0.0,0.0,0.0,0.0,0.0,0.0,0.0,0.0,0.0,0.0,0,0.0,0.0,0,0.0,0,0,0.0,0.0,0.0,0.0
리버케어,0,0.0,0.0,0.0,0.0,0.0,0.0,1.0,0.0,0.0,0.0,0.0,0.0,0.0,0.0,0.0,0.0,0.0,0,0.0,0.0,0,0.0,0,0,0.0,0.0,0.0,0.0
리버파워 밀크씨슬,0,0.0,0.0,0.0,1.1,1.2,13.5,1.4,0.0,0.0,0.0,0.0,0.0,0.0,0.0,0.0,0.0,0.0,0,0.0,0.0,0,0.0,0,0,0.0,0.0,0.0,0.0
리얼 N-아세틸글루코사민MSM,0,20.0,0.0,0.0,0.0,0.0,0.0,0.0,0.0,0.0,0.0,0.0,0.0,0.0,0.0,0.0,0.0,0.0,0,0.0,0.0,0,0.0,0,0,0.0,0.0,0.0,0.0
리얼 콤플렉스 멀티비타민,0,10.0,11.0,70.0,1.2,1.4,15.0,1.5,400.0,2.4,30.0,100.0,0.0,0.0,12.0,8.5,0.8,55.0,150,3.0,25.0,0,0.0,0,0,0.0,0.0,0.0,700.0
리얼 프레쉬 스피루리나,0,5.0,0.0,0.0,0.0,0.0,0.0,0.0,0.0,0.0,0.0,0.0,0.0,0.0,0.0,8.5,0.0,0.0,0,0.0,0.0,0,0.0,0,0,0.0,0.0,0.0,0.0
리얼메디 간에좋은 밀크씨슬 9 실리마린 마스터,0,0.0,0.0,0.0,1.2,1.4,15.0,1.5,400.0,2.4,0.0,0.0,0.0,0.0,0.0,8.5,0.0,55.0,0,0.0,0.0,0,0.0,0,0,0.0,0.0,0.0,0.0
리얼메디 국대 알티지 오메가3,0,10.0,0.0,0.0,0.0,0.0,0.0,0.0,0.0,0.0,0.0,0.0,0.0,0.0,0.0,0.0,0.0,0.0,0,0.0,0.0,0,0.0,0,0,0.0,0.0,600.0,0.0
리얼메디 국대 오메가3,0,25.0,0.0,0.0,0.0,0.0,0.0,0.0,0.0,0.0,0.0,0.0,0.0,0.0,0.0,0.0,0.0,0.0,0,0.0,0.0,0,0.0,0,0,0.0,0.0,500.0,0.0
리얼메디 국대 초임계 알티지(rTG) 오메가 3,0,10.0,11.0,0.0,0.0,0.0,0.0,0.0,0.0,0.0,0.0,0.0,0.0,0.0,0.0,0.0,0.0,0.0,0,0.0,0.0,0,0.0,0,0,0.0,0.0,600.0,0.0
리얼메디 비오틴 10000,0,0.0,0.0,0.0,0.0,0.0,0.0,0.0,0.0,0.0,10000.0,0.0,0.0,0.0,0.0,0.0,0.0,0.0,0,0.0,0.0,0,0.0,0,0,0.0,0.0,0.0,0.0
리얼퍼펙트 멀티비타민,0,3.0,0.0,0.0,0.5,0.0,0.0,0.0,0.0,0.0,0.0,45.0,0.0,0.0,0.0,10.0,0.0,0.0,0,0.0,0.0,0,0.0,0,0,0.0,0.0,0.0,0.0
리턴큐,0,0.0,0.0,0.0,0.0,0.0,0.0,0.0,0.0,0.0,0.0,0.0,0.0,0.0,0.0,12.0,0.0,0.0,0,0.0,0.0,0,0.0,0,0,0.0,0.0,0.0,0.0
리틀팡 성장튼튼,0,10.0,11.0,0.0,1.2,0.0,0.0,1.5,0.0,0.0,0.0,100.0,0.0,0.0,0.0,0.0,0.0,0.0,0,0.0,0.0,0,0.0,0,0,0.0,0.0,0.0,0.0
리틀팡 유산균,0,10.0,0.0,0.0,0.0,0.0,0.0,0.0,0.0,0.0,0.0,0.0,0.0,0.0,0.0,8.0,0.0,0.0,0,0.0,0.0,0,0.0,0,5000000000,0.0,0.0,0.0,0.0
리틀팡 키즈하이,0,10.0,0.0,0.0,0.0,0.0,0.0,0.0,0.0,0.0,0.0,0.0,210.0,94.5,0.0,2.55,0.0,0.0,0,0.0,0.0,0,0.0,0,0,0.0,0.0,0.0,0.0
리폼멀티비타민,0,2.0,0.0,0.0,0.44,0.0,0.0,0.0,0.0,0.0,0.0,40.0,0.0,0.0,0.0,0.0,0.0,0.0,0,0.0,0.0,0,0.0,0,0,0.0,0.0,0.0,312.0
릴렉스 엘 테아닌 타트체리맛,0,0.0,0.0,0.0,0.0,0.0,4.5,0.67,0.0,0.0,0.0,0.0,0.0,0.0,0.0,0.0,0.0,0.0,0,0.0,0.0,0,0.0,0,0,0.0,0.0,0.0,0.0
릴렉스 프로바이오틱스,0,0.0,0.0,0.0,0.0,0.0,0.0,0.0,0.0,0.0,0.0,0.0,0.0,0.0,0.0,0.0,0.0,0.0,0,0.0,0.0,0,0.0,0,1000000000,0.0,0.0,0.0,0.0
링즈캡슐,0,0.0,4.5,0.0,0.0,0.0,0.0,0.0,0.0,0.0,0.0,0.0,0.0,0.0,0.0,0.0,0.0,0.0,0,0.0,0.0,0,0.0,0,0,0.0,0.0,0.0,0.0
마그네슘 350,0,0.0,0.0,0.0,0.0,0.0,0.0,0.0,0.0,0.0,0.0,0.0,0.0,350.0,0.0,0.0,0.0,0.0,0,0.0,0.0,0,0.0,0,0,0.0,0.0,0.0,0.0
마그네슘 MAGNESIUM,0,0.0,0.0,0.0,1.2,1.4,0.0,1.5,0.0,0.0,0.0,0.0,0.0,315.0,0.0,0.0,0.0,55.0,0,0.0,0.0,0,0.0,0,0,0.0,0.0,0.0,0.0
마그네슘,0,0.0,0.0,0.0,0.0,0.0,0.0,0.0,0.0,0.0,0.0,0.0,0.0,150.0,0.0,0.0,0.0,0.0,0,0.0,0.0,0,0.0,0,0,0.0,0.0,0.0,0.0
마그네슘05,0,0.0,0.0,0.0,1.2,1.4,0.0,1.5,0.0,0.0,0.0,0.0,0.0,315.0,0.0,0.0,0.0,55.0,0,0.0,0.0,0,0.0,0,0,0.0,0.0,0.0,0.0
마그네슘350플러스,0,0.0,0.0,0.0,1.2,1.4,0.0,1.5,0.0,0.0,0.0,0.0,0.0,350.0,0.0,0.0,0.0,55.0,0,0.0,0.0,0,0.0,0,0,0.0,0.0,0.0,0.0
마디락,0,10.0,0.0,0.0,0.0,0.0,0.0,0.0,0.0,0.0,0.0,0.0,0.0,0.0,0.0,0.0,0.0,0.0,0,0.0,0.0,0,0.0,0,0,0.0,0.0,0.0,0.0
마미하트 슬림핏,0,0.0,0.0,0.0,0.0,0.0,0.0,0.0,0.0,0.0,0.0,0.0,0.0,0.0,0.0,0.0,0.0,0.0,0,0.0,0.0,0,800.0,0,0,0.0,0.0,0.0,0.0
마이너스-비,0,0.0,0.0,0.0,25.0,20.0,50.0,20.0,0.0,0.0,500.0,0.0,0.0,0.0,0.0,0.0,0.0,0.0,0,0.0,0.0,0,0.0,0,0,0.0,0.0,0.0,0.0
마이니 지니키즈 튼튼아연&C,0,0.0,0.0,0.0,0.0,0.0,0.0,0.0,0.0,0.0,0.0,100.0,0.0,0.0,0.0,8.0,0.0,0.0,0,0.0,0.0,0,0.0,0,0,0.0,0.0,0.0,0.0
마이타민업,0,0.0,0.0,0.0,1.2,1.5,15.0,1.5,0.0,0.0,0.0,0.0,0.0,0.0,0.0,0.0,0.0,0.0,0,0.0,0.0,0,0.0,0,0,0.0,0.0,0.0,0.0
만개하라,0,0.0,0.0,0.0,1.2,1.4,15.0,1.5,0.0,0.0,3000.0,100.0,0.0,0.0,0.0,0.0,0.0,0.0,0,0.0,0.0,0,0.0,0,0,0.0,0.0,0.0,700.0
말랑타임 츄잉 멀티비타민,0,0.0,0.0,0.0,0.0,0.5,0.0,0.5,0.0,0.0,0.0,100.0,0.0,0.0,0.0,2.6,0.0,0.0,0,0.0,0.0,0,0.0,0,0,0.0,0.0,0.0,0.0
말랑타임 츄잉 칼슘아연비타민D,0,5.0,0.0,0.0,0.5,0.0,0.0,0.0,0.0,0.0,0.0,0.0,250.0,0.0,0.0,2.6,0.0,0.0,0,0.0,0.0,0,0.0,0,0,0.0,0.0,0.0,0.0
맘편한 어린이 칼슘 마그네슘 아연 비타민D,0,10.0,0.0,0.0,0.0,0.0,0.0,0.0,0.0,0.0,0.0,0.0,232.0,100.0,0.0,3.0,0.0,0.0,0,0.0,0.0,0,0.0,0,0,0.0,0.0,0.0,0.0
맘편한 유기농 어린이 비타민D 아연,0,10.0,0.0,0.0,0.0,0.0,0.0,0.0,0.0,0.0,0.0,0.0,0.0,0.0,0.0,2.55,0.0,0.0,0,0.0,0.0,0,0.0,0,0,0.0,0.0,0.0,0.0
맛있는 멀티비타민앤미네랄,0,3.0,3.3,0.0,0.4,0.5,0.0,0.53,0.0,0.85,0.0,32.3,0.0,0.0,0.0,3.1,0.0,0.0,0,1.5,0.0,0,0.0,0,0,0.0,0.0,0.0,260.0
맛있는 비타민C 1000,0,0.0,0.0,0.0,0.0,4.0,0.0,8.0,0.0,0.0,0.0,1000.0,0.0,0.0,0.0,0.0,0.0,0.0,0,0.0,0.0,0,0.0,0,0,0.0,0.0,0.0,0.0
맛있는 종합비타민,0,1.8,3.6,0.0,0.0,0.0,0.0,0.0,0.0,2.4,0.0,33.6,0.0,0.0,0.0,0.0,0.0,0.0,0,0.0,0.0,0,0.0,0,0,0.0,0.0,0.0,234.0
맛있는멀티비타민,0,1.8,3.6,0.0,0.0,0.48,0.0,0.0,96.0,2.4,0.0,0.0,0.0,0.0,0.0,0.0,0.0,0.0,0,0.0,0.0,0,0.0,0,0,0.0,0.0,0.0,0.0
맛있는철분,0,0.0,0.0,0.0,0.0,0.0,0.0,0.0,0.0,0.0,0.0,0.0,14.96,0.0,0.0,0.0,0.0,0.0,0,0.0,0.0,0,0.0,0,0,0.0,0.0,0.0,0.0
매디마,0,0.0,11.0,0.0,0.0,0.0,0.0,0.0,0.0,0.0,0.0,0.0,0.0,0.0,0.0,8.5,0.0,0.0,0,0.0,0.0,0,0.0,0,0,0.0,0.0,0.0,0.0
매일습관 오메가3,0,10.0,0.0,0.0,0.0,0.0,0.0,0.0,0.0,0.0,0.0,0.0,0.0,0.0,0.0,0.0,0.0,0.0,0,0.0,0.0,0,0.0,0,0,0.0,0.0,600.0,0.0
맥스 밀크씨슬 10,0,0.0,0.0,0.0,1.2,1.4,15.0,1.5,400.0,2.4,0.0,0.0,0.0,0.0,0.0,8.5,0.0,55.0,0,0.0,0.0,0,0.0,0,0,0.0,0.0,0.0,0.0
맥스부스터,0,0.0,0.0,0.0,0.0,0.0,15.0,1.5,0.0,2.4,30.0,500.0,0.0,0.0,0.0,0.0,0.0,0.0,0,0.0,0.0,0,0.0,0,0,0.0,0.0,0.0,0.0
멀티 루테인 알티지 오메가3,0,10.0,11.0,0.0,0.0,0.0,0.0,0.0,0.0,0.0,0.0,0.0,0.0,0.0,0.0,0.0,0.0,0.0,0,0.0,0.0,0,0.0,0,0,0.0,20.0,600.0,700.0
멀티비타민 앤 미네랄,0,0.0,0.0,0.0,0.36,0.42,0.0,0.45,0.0,0.0,0.0,100.0,0.0,0.0,0.0,3.0,0.0,0.0,0,0.0,0.0,0,0.0,0,0,0.0,0.0,0.0,210.0
멀티비타민 프리미엄,0,2.0,0.0,0.0,0.44,0.0,0.0,0.0,0.0,0.0,0.0,40.0,0.0,0.0,0.0,8.5,0.0,0.0,0,0.0,0.0,0,0.0,0,0,0.0,0.0,0.0,0.0
멀티비타민 플러스,0,10.0,11.0,0.0,1.2,1.4,15.0,1.5,400.0,2.4,30.0,100.0,0.0,94.5,0.0,8.5,0.8,55.0,0,3.0,25.0,0,0.0,0,0,0.0,0.0,0.0,700.0
멀티비타민&미네랄,0,5.0,11.0,0.0,1.2,1.4,15.0,1.5,400.0,2.4,0.0,100.0,0.0,0.0,0.0,8.5,0.0,0.0,150,3.0,0.0,0,0.0,0,0,0.0,0.0,0.0,700.0
멀티비타민,0,1.8,3.6,0.0,0.0,0.48,0.0,0.0,132.0,2.4,0.0,0.0,0.0,0.0,0.0,0.0,0.0,0.0,0,0.0,0.0,0,0.0,0,0,0.0,0.0,0.0,0.0
멀티비타민미네랄,0,25.0,11.0,70.0,40.0,35.0,50.0,50.0,480.0,150.0,165.0,150.0,0.0,100.0,0.0,13.0,1.0,130.0,150,4.8,25.0,0,0.0,0,0,0.0,0.0,0.0,700.0
멀티비타민앤미네랄프리미엄,0,2.0,0.0,0.0,0.4,0.0,0.0,0.0,0.0,0.0,0.0,40.0,0.0,0.0,0.0,10.0,0.0,0.0,0,0.0,0.0,0,0.0,0,0,0.0,0.0,0.0,0.0
멀티비타민칼슘,0,0.0,15.0,0.0,0.78,0.0,0.0,2.46,300.0,0.0,0.0,60.0,450.0,0.0,0.0,0.0,0.0,0.0,0,0.0,0.0,0,0.0,0,0,0.0,0.0,0.0,0.0
멀티비타민파인애플향,0,2.5,0.0,0.0,0.312,1.0,0.0,0.0,0.0,0.0,0.0,80.0,0.0,0.0,0.0,0.0,0.0,0.0,0,0.0,0.0,0,0.0,0,0,0.0,0.0,0.0,585.0
메가 비타민C 3000,0,0.0,0.0,0.0,0.0,0.0,0.0,0.0,0.0,0.0,0.0,3000.0,0.0,0.0,0.0,0.0,0.0,0.0,0,0.0,0.0,0,0.0,0,0,0.0,0.0,0.0,0.0
메가데이멀티비타민,0,10.0,6.6,35.0,3.6,4.2,45.0,4.5,400.0,7.2,90.0,200.0,210.0,94.5,4.8,12.0,1.6,55.0,45,2.7,0.0,0,0.0,0,0,0.0,0.0,0.0,350.0
메가렉스마그네슘400,0,0.0,0.0,0.0,0.0,0.0,0.0,1.5,0.0,0.0,0.0,0.0,0.0,400.0,0.0,0.0,0.0,0.0,0,0.0,0.0,0,0.0,0,0,0.0,0.0,0.0,0.0
메가비타C(MegaVitaC),0,0.0,0.0,0.0,0.0,0.0,0.0,0.0,0.0,0.0,0.0,1000.0,0.0,0.0,0.0,0.0,0.0,0.0,0,0.0,0.0,0,0.0,0,0,0.0,0.0,0.0,0.0
메가비타민C 3000mg,0,0.0,0.0,0.0,0.0,0.0,0.0,0.0,0.0,0.0,0.0,3000.0,0.0,0.0,0.0,0.0,0.0,0.0,0,0.0,0.0,0,0.0,0,0,0.0,0.0,0.0,0.0
메가파워 마그네슘 315,0,10.0,0.0,0.0,1.2,1.4,0.0,1.5,0.0,0.0,0.0,0.0,0.0,315.0,0.0,0.0,0.0,0.0,0,0.0,0.0,0,0.0,0,0,0.0,0.0,0.0,0.0
메가파워 칼슘마그네슘아연비타민D,0,10.0,0.0,0.0,0.0,0.0,0.0,0.0,0.0,0.0,0.0,0.0,500.0,250.0,0.0,5.0,0.0,0.0,0,0.0,0.0,0,0.0,0,0,0.0,0.0,0.0,0.0
메디바이오 알티지 오메가 3,0,0.0,11.0,0.0,0.0,0.0,0.0,0.0,0.0,0.0,0.0,0.0,0.0,0.0,0.0,0.0,0.0,0.0,0,0.0,0.0,0,0.0,0,0,0.0,0.0,800.0,700.0
메타시톨,0,10.0,0.0,0.0,1.2,1.4,15.0,1.5,400.0,2.4,0.0,100.0,0.0,0.0,0.0,8.5,0.0,0.0,0,0.0,0.0,0,0.0,0,0,0.0,0.0,0.0,0.0
면역 홍삼정,0,0.0,0.0,0.0,0.0,0.0,0.0,0.0,0.0,0.0,0.0,0.0,0.0,0.0,0.0,0.0,0.0,0.0,0,0.0,0.0,0,0.0,0,0,4.0,0.0,0.0,0.0
면역7 바이오틱스,0,0.0,0.0,0.0,0.0,0.0,0.0,0.0,0.0,0.0,0.0,0.0,0.0,0.0,0.0,8.5,0.0,0.0,0,0.0,0.0,0,0.0,0,100000000,0.0,0.0,0.0,0.0
면역대장 아연디시럽 키즈,0,10.0,0.0,0.0,0.0,0.0,0.0,0.0,0.0,0.0,0.0,0.0,0.0,0.0,0.0,8.0,0.0,0.0,0,0.0,0.0,0,0.0,0,0,0.0,0.0,0.0,0.0
면역보감 뼈엔 칼비타 젤리,0,12.5,0.0,0.0,0.0,0.0,0.0,0.0,0.0,0.0,0.0,0.0,210.0,0.0,0.0,8.5,0.0,0.0,0,0.0,0.0,0,0.0,0,0,0.0,0.0,0.0,0.0
면역스틱,0,10.0,11.0,0.0,1.2,0.0,15.0,1.5,0.0,0.0,0.0,0.0,0.0,0.0,0.0,8.5,0.0,55.0,0,0.0,0.0,0,0.0,0,0,0.0,0.0,0.0,0.0
면역칸,0,0.0,0.0,0.0,0.0,0.0,0.0,0.0,0.0,0.0,0.0,0.0,0.0,0.0,0.0,8.0,0.0,0.0,0,0.0,0.0,0,0.0,0,0,0.0,0.0,0.0,0.0
면역플러스 튼튼비,0,0.0,0.0,0.0,1.2,1.4,15.0,1.5,0.0,2.4,0.0,0.0,0.0,0.0,0.0,8.5,0.0,0.0,0,0.0,0.0,0,0.0,0,100000000,0.0,0.0,0.0,0.0
면역홍삼젤리,0,0.0,0.0,0.0,0.0,0.0,4.5,0.0,0.0,0.0,0.0,0.0,0.0,0.0,0.0,2.55,0.0,0.0,0,0.0,0.0,0,0.0,0,0,3.0,0.0,0.0,0.0
명품닥터에스오디나토키나제,0,5.0,11.0,0.0,0.0,0.0,0.0,0.0,250.0,0.0,0.0,0.0,0.0,0.0,3.6,2.55,0.0,0.0,0,0.0,0.0,0,0.0,0,0,0.0,0.0,0.0,0.0
모세 리얼 씨엠오,0,0.0,0.0,0.0,0.0,0.0,0.0,0.0,0.0,0.0,0.0,0.0,0.0,0.0,0.0,0.0,0.0,0.0,0,5.8,0.0,0,0.0,0,0,0.0,0.0,0.0,545.0
미스 글로우,0,0.0,0.0,0.0,0.0,0.0,0.0,0.0,400.0,0.0,0.0,100.0,0.0,0.0,0.0,8.5,0.0,55.0,0,0.0,0.0,0,0.0,0,0,0.0,0.0,0.0,0.0
미애부 셀티 프로바이오틱스,0,0.0,0.0,0.0,0.0,0.0,0.0,0.0,0.0,0.0,0.0,0.0,0.0,0.0,0.0,0.0,0.0,0.0,0,0.0,0.0,0,0.0,0,3000000000,0.0,0.0,0.0,0.0
미친 멀티비타민,0,1.8,3.6,0.0,0.5,0.48,4.5,0.6,264.0,0.0,0.0,30.0,0.0,0.0,0.0,4.3,0.0,0.0,0,0.95,0.0,0,0.0,0,0,0.0,0.0,0.0,210.0
밀본플러스,0,5.0,0.0,0.0,0.0,1.2,0.0,1.5,0.0,7.0,0.0,35.0,210.0,120.0,0.0,0.0,0.0,0.0,0,0.0,0.0,0,0.0,0,0,0.0,0.0,0.0,0.0
밀크씨슬 MILK THISTLE,0,0.0,0.0,0.0,1.2,1.4,15.0,1.5,400.0,0.0,0.0,0.0,0.0,0.0,0.0,8.5,0.0,55.0,0,0.0,0.0,0,0.0,0,0,0.0,0.0,0.0,0.0
밀크씨슬 부스트,0,0.0,0.0,0.0,1.2,1.4,15.0,1.5,400.0,2.4,30.0,30.0,0.0,0.0,0.0,8.5,0.0,0.0,0,0.0,0.0,0,0.0,0,0,0.0,0.0,0.0,0.0
밀크씨슬 프리미엄 간건강 솔루션,0,0.0,0.0,0.0,1.1,1.2,13.5,1.4,0.0,0.0,0.0,0.0,0.0,0.0,0.0,0.0,0.0,0.0,0,0.0,0.0,0,0.0,0,0,0.0,0.0,0.0,0.0
밀크씨슬 플러스,0,0.0,0.0,0.0,0.0,1.4,7.5,1.5,200.0,0.0,0.0,0.0,0.0,0.0,0.0,4.25,0.0,27.5,0,0.0,0.0,0,0.0,0,0,0.0,0.0,0.0,0.0
밀크씨슬 헬퍼,0,0.0,0.0,0.0,1.2,1.4,0.0,1.5,0.0,0.0,0.0,100.0,0.0,0.0,0.0,8.5,0.0,0.0,0,0.0,0.0,0,0.0,0,0,0.0,0.0,0.0,0.0
밀크씨슬파워,0,0.0,0.0,0.0,0.36,0.42,0.0,0.45,0.0,0.0,0.0,0.0,0.0,0.0,0.0,2.55,0.0,0.0,0,0.0,0.0,0,0.0,0,0,0.0,0.0,0.0,0.0
바로라이프 밀크씨슬,0,0.0,0.0,0.0,0.36,0.42,4.5,0.45,0.0,0.0,0.0,0.0,0.0,0.0,0.0,2.55,0.0,0.0,0,0.0,0.0,0,0.0,0,0,0.0,0.0,0.0,0.0
바이오홍삼,0,0.0,0.0,0.0,0.0,0.0,0.0,0.0,0.0,0.0,0.0,0.0,0.0,0.0,0.0,0.0,0.0,0.0,0,0.0,0.0,0,0.0,0,0,5.0,0.0,0.0,0.0
바이탈디,0,50.0,0.0,0.0,0.0,0.0,0.0,0.0,0.0,0.0,0.0,0.0,0.0,0.0,0.0,0.0,0.0,0.0,0,0.0,0.0,0,0.0,0,0,0.0,0.0,0.0,0.0
바이탈타임 어린이홍삼 홍린이,0,0.0,0.0,0.0,0.0,0.0,0.0,0.0,0.0,0.0,0.0,0.0,0.0,0.0,0.0,0.0,0.0,0.0,0,0.0,0.0,0,0.0,0,0,6.0,0.0,0.0,0.0
발란스생생유산균,0,0.0,0.0,0.0,0.0,0.0,0.0,0.0,0.0,0.0,0.0,0.0,0.0,0.0,0.0,0.0,0.0,0.0,0,0.0,0.0,0,0.0,0,100000000,0.0,0.0,0.0,0.0
발효홍삼농축액 10,0,0.0,0.0,0.0,0.0,0.0,0.0,0.0,0.0,0.0,0.0,0.0,0.0,0.0,0.0,0.0,0.0,0.0,0,0.0,0.0,0,0.0,0,0,10.0,0.0,0.0,0.0
발효홍삼농축액 20,0,0.0,0.0,0.0,0.0,0.0,0.0,0.0,0.0,0.0,0.0,0.0,0.0,0.0,0.0,0.0,0.0,0.0,0,0.0,0.0,0,0.0,0,0,20.0,0.0,0.0,0.0
발효홍삼농축액,0,0.0,0.0,0.0,0.0,0.0,0.0,0.0,0.0,0.0,0.0,0.0,0.0,0.0,0.0,0.0,0.0,0.0,0,0.0,0.0,0,0.0,0,0,10.0,0.0,0.0,0.0
발효홍삼액,0,0.0,0.0,0.0,0.0,0.0,0.0,0.0,0.0,0.0,0.0,0.0,0.0,0.0,0.0,0.0,0.0,0.0,0,0.0,0.0,0,0.0,0,0,10.0,0.0,0.0,0.0
밸런스G,0,0.0,0.0,0.0,0.0,0.0,0.0,0.0,0.0,0.0,0.0,0.0,0.0,0.0,0.0,8.5,0.0,0.0,0,0.0,0.0,0,0.0,0,0,0.0,0.0,0.0,0.0
밸런스업,0,0.0,0.0,0.0,0.0,0.0,0.0,0.0,0.0,0.0,0.0,0.0,0.0,0.0,0.0,8.5,0.0,0.0,0,0.0,0.0,0,0.0,0,0,0.0,0.0,0.0,0.0
밸리큐,0,0.0,0.0,0.0,0.0,0.0,0.0,0.0,0.0,0.0,0.0,0.0,0.0,0.0,0.0,0.0,0.0,0.0,0,0.0,0.0,0,12.0,0,0,0.0,0.0,0.0,0.0
버퍼드 비타민C 1000,0,15.0,0.0,0.0,0.0,0.0,0.0,0.0,0.0,0.0,0.0,1000.0,0.0,0.0,0.0,9.0,0.0,0.0,0,0.0,0.0,0,0.0,0,0,0.0,0.0,0.0,0.0
베이비락생유산균황금별,0,0.0,0.0,0.0,0.0,0.0,0.0,0.0,0.0,0.0,0.0,0.0,0.0,0.0,0.0,0.0,0.0,0.0,0,0.0,0.0,0,0.0,0,100000000,0.0,0.0,0.0,0.0
베이비앤키즈락토프리미엄,0,0.0,0.0,0.0,0.0,0.0,0.0,0.0,0.0,0.0,0.0,0.0,0.0,0.0,0.0,2.89,0.0,0.0,0,0.0,0.0,0,0.0,0,200000000,0.0,0.0,0.0,0.0
변한 슬림핏 차전자피 가르시니아 스트롱,0,0.0,0.0,0.0,0.0,0.0,0.0,0.0,0.0,0.0,0.0,0.0,300.0,0.0,0.0,0.0,0.0,0.0,0,0.0,0.0,0,7000.0,0,0,0.0,0.0,0.0,0.0
변한 슬림핏 차전자피 가르시니아,0,0.0,0.0,0.0,0.0,0.0,0.0,0.0,0.0,0.0,0.0,0.0,0.0,0.0,0.0,0.0,0.0,0.0,0,0.0,0.0,0,6.0,0,0,0.0,0.0,0.0,0.0
보령 당헬프,0,0.0,0.0,0.0,0.0,0.0,0.0,0.0,400.0,0.0,0.0,0.0,0.0,0.0,0.0,0.0,0.0,0.0,0,0.0,0.0,0,0.0,0,0,0.0,0.0,500.0,0.0
본(本) 다이어트,0,0.0,0.0,0.0,1.2,1.4,15.0,1.5,8.5,0.0,0.0,0.0,0.0,0.0,0.0,0.0,0.0,0.0,0,0.0,0.0,0,0.0,0,0,0.0,0.0,0.0,0.0
부스터에스,0,0.0,0.0,0.0,0.0,0.0,0.0,0.0,0.0,0.0,0.0,0.0,0.0,0.0,0.0,2.55,0.0,55.0,0,0.0,0.0,0,0.0,0,0,0.0,0.0,0.0,0.0
뷰티몬스터 디너컷 다이어트,0,0.0,0.0,0.0,1.2,1.4,15.0,1.5,0.0,0.0,0.0,0.0,0.0,0.0,0.0,0.0,0.0,55.0,0,3.0,0.0,0,0.0,0,0,0.0,0.0,0.0,0.0
브레인레시틴,0,0.0,0.0,0.0,0.0,0.0,0.0,0.0,0.0,0.0,0.0,0.0,0.0,0.0,0.0,0.0,0.0,0.0,0,0.0,0.0,0,0.0,0,0,5.0,0.0,0.0,0.0
브이보멀티비타민&미네랄,0,10.0,11.0,70.0,1.2,1.4,15.0,1.5,400.0,2.4,30.0,100.0,0.0,0.0,12.0,8.5,0.8,55.0,0,3.0,25.0,0,0.0,0,0,0.0,0.0,0.0,700.0
브이푸드 옵티MSM 관절케어,0,0.0,0.0,0.0,0.0,0.0,0.0,0.0,0.0,0.0,0.0,0.0,0.0,0.0,0.0,8.5,0.0,0.0,0,0.0,0.0,0,0.0,0,0,0.0,0.0,0.0,0.0
비건 식물성 유산균,0,0.0,0.0,0.0,0.0,0.0,0.0,0.0,0.0,0.0,0.0,0.0,0.0,0.0,0.0,2.55,0.0,0.0,0,0.0,0.0,0,0.0,0,1000000000,0.0,0.0,0.0,0.0
비오틴 5000 비타민 컴플렉스,0,0.0,0.0,0.0,1.2,1.4,15.0,1.5,0.0,0.0,5000.0,100.0,0.0,0.0,0.0,8.5,0.0,0.0,0,0.0,0.0,0,0.0,0,0,0.0,0.0,0.0,0.0
비오틴 5000 비타민B 컴플렉스C,0,0.0,0.0,0.0,1.2,1.4,0.0,1.5,0.0,2.4,5000.0,100.0,0.0,0.0,0.0,8.5,0.0,0.0,0,0.0,0.0,0,0.0,0,0,0.0,0.0,0.0,0.0
비오틴 프로젝트,0,0.0,0.0,0.0,0.0,0.0,0.0,0.0,0.0,0.0,1000.0,30.0,0.0,0.0,0.0,0.0,0.0,0.0,0,0.0,0.0,0,0.0,0,0,0.0,0.0,0.0,0.0
비오틴업,0,0.0,0.0,0.0,0.0,0.0,0.0,0.0,0.0,0.0,500.0,0.0,0.0,0.0,0.0,0.0,0.0,0.0,0,0.0,0.0,0,0.0,0,0,0.0,0.0,0.0,0.0
비오틴을 채우다,0,0.0,0.0,0.0,1.2,0.0,4.5,1.5,0.0,2.4,2500.0,30.0,0.0,0.0,0.0,0.0,0.0,0.0,0,0.0,0.0,0,0.0,0,0,0.0,0.0,0.0,0.0
비울 때 무꼬,0,0.0,0.0,0.0,0.0,0.0,0.0,0.0,800.0,0.0,0.0,100.0,0.0,0.0,0.0,8.5,0.0,110.0,0,0.0,0.0,0,0.0,0,0,0.0,0.0,0.0,0.0
비타민B 컴플렉스,0,0.0,0.0,0.0,50.0,40.0,50.0,50.0,400.0,50.0,50.0,0.0,0.0,0.0,0.0,0.0,0.0,0.0,0,0.0,0.0,0,0.0,0,0,0.0,0.0,0.0,0.0
비타민B,0,0.0,0.0,0.0,47.0,35.0,48.0,48.0,0.0,0.0,0.0,49.0,0.0,0.0,0.0,0.0,0.0,0.0,0,0.0,0.0,0,0.0,0,0,0.0,0.0,0.0,0.0
비타민C 2000,0,0.0,0.0,0.0,0.0,0.0,0.0,0.0,0.0,0.0,0.0,2000.0,0.0,0.0,0.0,0.0,0.0,0.0,0,0.0,0.0,0,0.0,0,0,0.0,0.0,0.0,0.0
비타민C-1000,0,0.0,0.0,0.0,0.0,0.0,0.0,0.0,0.0,0.0,0.0,1000.0,0.0,0.0,0.0,0.0,0.0,0.0,0,0.0,0.0,0,0.0,0,0,0.0,0.0,0.0,0.0
비타민C,0,0.0,0.0,0.0,0.0,0.0,0.0,0.0,0.0,0.0,0.0,1000.0,0.0,0.0,0.0,0.0,0.0,0.0,0,0.0,0.0,0,0.0,0,0,0.0,0.0,0.0,0.0
비타민C1000,0,0.0,0.0,0.0,0.0,0.0,0.0,0.0,0.0,0.0,0.0,1000.0,0.0,0.0,0.0,0.0,0.0,0.0,0,0.0,0.0,0,0.0,0,0,0.0,0.0,0.0,0.0
비타민C1000mg,0,0.0,0.0,0.0,0.0,0.0,0.0,0.0,0.0,0.0,0.0,1000.0,0.0,0.0,0.0,0.0,0.0,0.0,0,0.0,0.0,0,0.0,0,0,0.0,0.0,0.0,0.0
비타민C레몬맛츄어블,0,4.5,0.0,0.0,0.0,0.0,0.0,0.0,0.0,0.0,0.0,178.2,0.0,0.0,0.0,0.0,0.0,0.0,0,0.0,0.0,0,0.0,0,0,0.0,0.0,0.0,0.0
비타민D 4000IU,0,100.0,3.3,0.0,0.0,0.0,0.0,0.0,0.0,0.0,0.0,0.0,0.0,0.0,0.0,10.0,0.0,0.0,0,0.0,0.0,0,0.0,0,0,0.0,0.0,0.0,0.0
비타민D 아연,0,10.0,0.0,0.0,0.0,0.0,0.0,0.0,0.0,0.0,0.0,0.0,0.0,0.0,0.0,4.25,0.0,0.0,0,0.0,0.0,0,0.0,0,0,0.0,0.0,0.0,0.0
비타민D와 멀티비타민미네랄,0,10.0,0.0,0.0,0.44,0.0,0.0,0.65,0.0,0.0,0.0,0.9,0.0,0.0,0.0,0.0,0.0,0.0,0,0.9,0.0,0,0.0,0,0,0.0,0.0,0.0,515.0
비타민액티브플러스,0,0.0,0.0,0.0,0.0,0.0,0.0,3.0,398.0,0.0,0.0,0.0,0.0,0.0,0.0,0.0,0.0,0.0,0,0.0,0.0,0,0.0,0,0,0.0,0.0,0.0,0.0
비타쮸,0,0.0,0.0,0.0,0.0,1.2,0.0,3.0,0.0,0.0,0.0,300.0,0.0,0.0,0.0,0.0,0.0,0.0,0,0.0,0.0,0,0.0,0,0,0.0,0.0,0.0,0.0
비피러스블로썸 A,0,0.0,0.0,0.0,0.0,0.0,0.0,0.0,0.0,0.0,0.0,0.0,0.0,0.0,0.0,0.0,0.0,0.0,0,0.0,0.0,0,0.0,0,100000000,0.0,0.0,0.0,0.0
빠질시간,0,0.0,0.0,0.0,0.0,0.0,0.0,0.0,0.0,0.0,0.0,100.0,0.0,0.0,0.0,0.0,0.0,0.0,0,0.0,0.0,0,0.0,0,0,0.0,0.0,0.0,0.0
빵순이를 위한 다이어트,0,0.0,0.0,0.0,1.2,0.0,15.0,0.0,0.0,0.0,30.0,0.0,0.0,0.0,0.0,8.5,0.0,0.0,0,0.0,0.0,0,0.0,0,0,0.0,0.0,0.0,0.0
빼락토,0,0.0,0.0,0.0,0.0,0.0,0.0,0.0,0.0,0.0,0.0,0.0,0.0,0.0,0.0,0.0,0.0,0.0,0,0.0,0.0,0,0.0,0,10000000000,0.0,0.0,0.0,0.0
뺄 때 무꼬,0,0.0,0.0,0.0,2.4,2.8,0.0,3.0,0.0,0.0,0.0,0.0,0.0,0.0,0.0,0.0,0.0,0.0,0,0.0,0.0,0,0.0,0,0,0.0,0.0,0.0,0.0
뺄리오 프리바이오틱스 프락토올리고당,0,0.0,0.0,0.0,0.0,0.0,0.0,0.0,0.0,0.0,0.0,0.0,0.0,0.0,0.0,7.0,0.0,0.0,0,0.0,0.0,0,0.0,0,0,0.0,0.0,0.0,0.0
뼈건강 칼슘+마그네슘+비타민D,0,10.0,0.0,0.0,0.0,0.0,0.0,0.0,0.0,0.0,0.0,0.0,210.0,94.5,0.0,8.5,0.0,0.0,0,0.0,0.0,0,0.0,0,0,0.0,0.0,0.0,0.0
뼈건강에 좋은 어골칼슘 마그네슘 비타민D,0,10.0,0.0,0.0,0.0,0.0,0.0,0.0,0.0,0.0,0.0,0.0,210.0,105.0,0.0,0.0,0.0,0.0,0,0.0,0.0,0,0.0,0,0,0.0,0.0,0.0,0.0
뼈관절솔루션,0,0.0,0.0,0.0,0.0,0.0,0.0,0.0,0.0,0.0,0.0,0.0,210.0,0.0,0.0,0.0,0.0,0.0,0,0.0,0.0,0,0.0,0,0,0.0,0.0,0.0,0.0
뼈에 좋은 칼슘 마그네슘 아연 비타민D,0,10.0,0.0,0.0,0.0,0.0,0.0,0.0,0.0,0.0,0.0,0.0,300.0,150.0,0.0,8.5,0.0,0.0,0,3.0,0.0,0,0.0,0,0,0.0,0.0,0.0,0.0
뼈에좋은 칼슘 마그네슘 비타민D 아연,0,12.8,0.0,0.0,0.0,0.0,0.0,0.0,0.0,0.0,0.0,0.0,210.0,126.0,0.0,8.5,0.0,0.0,0,0.0,0.0,0,0.0,0,0,0.0,0.0,0.0,0.0
뽀롱뽀롱 뽀로로(비타민C) 복숭아맛,0,0.0,0.0,0.0,0.0,0.0,0.0,0.0,0.0,0.0,0.0,72.0,0.0,0.0,0.0,0.0,0.0,0.0,0,0.0,0.0,0,0.0,0,0,0.0,0.0,0.0,0.0
산도리깨 루테인,0,10.0,3.3,0.0,0.0,0.0,0.0,0.0,0.0,0.0,0.0,0.0,0.0,0.0,0.0,0.0,0.0,0.0,0,0.0,0.0,0,0.0,0,0,0.0,20.0,0.0,700.0
삼성 밀크씨슬,0,0.0,0.0,0.0,0.36,0.42,0.0,0.45,0.0,0.0,0.0,0.0,0.0,0.0,0.0,2.55,0.0,0.0,0,0.0,0.0,0,0.0,0,0,0.0,0.0,0.0,0.0
삼성 세라토 유산균플러스,0,0.0,0.0,0.0,0.0,0.0,0.0,0.0,0.0,0.0,0.0,0.0,0.0,0.0,0.0,0.0,0.0,0.0,0,0.0,0.0,0,0.0,0,100000000,0.0,0.0,0.0,0.0
삼성 세라토 프로바이오틱스,0,0.0,0.0,0.0,0.0,0.0,0.0,0.0,0.0,0.0,0.0,0.0,0.0,0.0,0.0,0.0,0.0,0.0,0,0.0,0.0,0,0.0,0,100000000,0.0,0.0,0.0,0.0
삼성 피부탱탱 곤약세라미드40,0,0.0,0.0,0.0,0.0,0.0,0.0,0.0,0.0,0.0,0.0,30.0,0.0,0.0,0.0,2.55,0.0,0.0,0,0.0,0.0,0,0.0,0,0,0.0,0.0,0.0,0.0
상아덴티큐플러스,0,0.0,0.0,0.0,0.0,0.0,0.0,0.0,0.0,0.0,0.0,0.0,255.0,0.0,0.0,0.0,0.0,0.0,0,0.0,0.0,0,0.0,0,0,0.0,0.0,0.0,0.0
생유산균 프로바이오틱스,0,0.0,0.0,0.0,0.0,0.0,0.0,0.0,0.0,0.0,0.0,0.0,0.0,0.0,0.0,0.0,0.0,0.0,0,0.0,0.0,0,0.0,0,100000000,0.0,0.0,0.0,0.0
샤이트리 프로바이오틱스,0,0.0,0.0,0.0,0.0,0.0,0.0,0.0,0.0,0.0,0.0,0.0,0.0,0.0,0.0,8.5,0.0,55.0,0,0.0,0.0,0,0.0,0,100000000,0.0,0.0,0.0,0.0
선망 가르시니아 톡톡콤 샤인머스캣맛,0,0.0,0.0,0.0,0.36,0.42,4.5,0.45,0.0,0.0,0.0,200.0,0.0,0.0,0.0,0.0,0.0,0.0,0,0.0,0.0,0,0.0,0,0,0.0,0.0,0.0,0.0
선택하라 눈건강 루테인11,0,0.0,3.3,0.0,0.0,1.2,15.0,1.5,400.0,2.4,0.0,0.0,0.0,0.0,0.0,8.5,0.0,55.0,0,3.0,0.0,0,0.0,0,0,0.0,20.0,0.0,700.0
선택하라 루테인오메가3,0,0.0,12.1,0.0,0.0,0.0,0.0,0.0,0.0,0.0,0.0,0.0,0.0,0.0,0.0,0.0,0.0,0.0,0,0.0,0.0,0,0.0,0,0,0.0,20.0,600.0,770.0
세리컷 스타터 샤이닝,0,0.0,0.0,0.0,1.2,1.4,15.0,1.5,400.0,0.0,0.0,0.0,0.0,0.0,0.0,8.5,0.0,0.0,0,0.0,0.0,0,0.0,0,0,0.0,0.0,0.0,0.0
센타민,0,0.0,0.0,0.0,7.5,0.0,0.0,0.0,0.0,0.0,0.0,0.0,0.0,0.0,0.0,0.0,0.0,0.0,0,0.0,0.0,0,0.0,0,0,0.0,0.0,0.0,0.0
셀레늄,0,0.0,0.0,0.0,0.0,0.0,0.0,0.0,0.0,0.0,0.0,0.0,0.0,0.0,0.0,0.0,0.0,200.0,0,0.0,0.0,0,0.0,0,0,0.0,0.0,0.0,0.0
셀티바 SYN(신) 프리바이오틱스,0,0.0,0.0,0.0,0.0,0.0,0.0,0.0,0.0,0.0,0.0,0.0,0.0,0.0,0.0,0.0,0.0,0.0,0,0.0,0.0,0,0.0,0,100000000,0.0,0.0,0.0,0.0
셀티바 프리바이오틱스,0,0.0,0.0,0.0,0.0,0.0,0.0,0.0,0.0,0.0,0.0,0.0,0.0,0.0,0.0,2.55,0.0,0.0,0,0.0,0.0,0,0.0,0,0,0.0,0.0,0.0,0.0
소중한 간건강 밀크씨슬,0,0.0,0.0,0.0,0.36,0.42,4.5,0.45,120.0,0.0,0.0,0.0,0.0,0.0,0.0,2.55,0.0,0.0,0,0.0,0.0,0,0.0,0,0,0.0,0.0,0.0,0.0
소중한 눈건강 루테인,0,3.0,3.3,0.0,0.36,0.42,0.0,0.45,0.0,0.0,0.0,30.0,0.0,0.0,0.0,2.55,0.24,0.0,0,0.0,0.0,0,0.0,0,0,0.0,20.0,0.0,210.0
솔빛M,0,0.0,0.0,0.0,0.0,0.0,0.0,0.0,0.0,0.0,0.0,0.0,0.0,122.0,0.0,0.0,0.0,0.0,0,0.0,0.0,0,0.0,0,0,0.0,0.0,0.0,0.0
솔빛Q,0,0.0,9.1,0.0,0.0,0.0,0.0,0.0,0.0,0.0,0.0,0.0,0.0,0.0,0.0,0.0,0.0,0.0,0,0.0,0.0,0,0.0,0,0,0.0,0.0,0.0,0.0
솔빛키즈,0,0.0,0.0,0.0,0.6,0.8,0.0,1.2,0.0,0.0,0.0,54.0,0.0,0.0,0.0,6.6,0.0,0.0,0,0.0,0.0,0,0.0,0,0,0.0,0.0,0.0,0.0
솔빛투,0,0.0,9.1,0.0,0.0,0.0,0.0,0.0,0.0,0.0,0.0,0.0,0.0,0.0,0.0,0.0,0.0,0.0,0,0.0,0.0,0,0.0,0,0,0.0,0.0,0.0,0.0
순수한 비타민C분말 3000mg,0,0.0,0.0,0.0,0.0,0.0,0.0,0.0,0.0,0.0,0.0,3.0,0.0,0.0,0.0,0.0,0.0,0.0,0,0.0,0.0,0,0.0,0,0,0.0,0.0,0.0,0.0
슈코플렉스,0,0.0,0.0,0.0,0.0,0.0,0.0,0.0,0.0,0.0,0.0,0.0,0.0,0.0,0.0,0.0,0.0,0.0,0,0.0,0.0,0,6000.0,0,0,0.0,0.0,0.0,0.0
슈퍼 편안한 보라지유 감마리놀렌산,0,50.0,11.0,0.0,0.0,0.0,0.0,0.0,0.0,0.0,0.0,0.0,0.0,0.0,0.0,0.0,0.0,0.0,0,0.0,0.0,0,0.0,0,0,0.0,0.0,0.0,0.0
슈퍼 풍성한 비오틴,0,0.0,0.0,0.0,0.0,0.0,0.0,0.0,0.0,2.4,3000.0,0.0,0.0,0.0,0.0,2.55,0.0,55.0,0,0.0,0.0,0,0.0,0,0,0.0,0.0,0.0,0.0
슈퍼 프로바이오틱스,0,0.0,0.0,0.0,0.0,0.0,0.0,0.0,0.0,0.0,0.0,0.0,0.0,0.0,0.0,8.5,0.0,55.0,0,0.0,0.0,0,0.0,0,100000000,0.0,0.0,0.0,0.0
슈퍼바이오틱스골드캡슐,0,0.0,0.0,0.0,0.0,0.0,0.0,0.0,0.0,0.0,0.0,0.0,0.0,0.0,0.0,2.55,0.0,16.5,0,0.0,0.0,0,0.0,0,500000000,0.0,0.0,0.0,0.0
슈퍼칼슘 엠,0,0.0,0.0,0.0,0.0,0.0,0.0,0.0,0.0,0.0,0.0,0.0,228.0,0.0,0.0,0.0,0.0,0.0,0,0.0,0.0,0,0.0,0,0,0.0,0.0,0.0,0.0
슈퍼키디 홍삼젤리 액티브,0,0.0,0.0,0.0,0.0,0.0,0.0,0.0,0.0,0.0,0.0,0.0,0.0,0.0,0.0,0.0,0.0,0.0,0,0.0,0.0,0,0.0,0,0,3.0,0.0,0.0,0.0
슈퍼파워멀티루테인 0320,0,0.0,11.1,0.0,0.0,1.29,13.52,1.58,400.0,2.93,0.0,0.0,0.0,0.0,0.0,12.8,0.8,18.0,0,2.21,0.0,0,0.0,0,0,0.0,0.0,0.0,750.0
스마일 알티지 에이(Smile rTG A),0,0.0,0.0,0.0,0.0,0.0,0.0,0.0,0.0,0.0,0.0,0.0,0.0,0.0,0.0,0.0,0.0,0.0,0,0.0,0.0,0,0.0,0,0,0.0,0.0,600.0,0.0
스마트본,0,9.8,0.0,0.0,0.0,0.0,0.0,0.0,0.0,0.0,0.0,0.0,225.0,0.0,0.0,0.0,0.0,0.0,0,0.0,0.0,0,0.0,0,0,0.0,0.0,0.0,0.0
스타트 가르시니아,0,0.0,0.0,0.0,1.2,1.4,15.0,1.5,0.0,0.0,0.0,0.0,0.0,0.0,0.0,0.0,0.0,0.0,0,0.0,0.0,0,0.0,0,0,0.0,0.0,0.0,0.0
스탑잇,0,0.0,0.0,0.0,0.0,0.0,0.0,0.0,0.0,0.0,0.0,0.0,0.0,0.0,0.0,0.0,0.0,0.0,0,0.0,0.0,0,4.5,0,0,0.0,0.0,0.0,0.0
스트롱조인트-F,0,0.0,0.0,0.0,18.0,2.5,0.0,4.5,0.0,0.0,0.0,0.0,0.0,0.0,0.0,0.0,0.0,0.0,0,0.0,0.0,0,0.0,0,0,0.0,0.0,0.0,0.0
스트롱조인트,0,0.0,0.0,0.0,18.0,2.5,0.0,4.5,0.0,0.0,0.0,0.0,0.0,0.0,0.0,0.0,0.0,0.0,0,0.0,0.0,0,0.0,0,0,0.0,0.0,0.0,0.0
슬렌미 가르시니아차전자피,0,0.0,0.0,0.0,0.0,0.0,0.0,0.0,0.0,0.0,0.0,0.0,0.0,0.0,0.0,0.0,0.0,0.0,0,0.0,0.0,0,5500.0,0,0,0.0,0.0,0.0,0.0
슬림다운03,0,10.0,11.0,0.0,0.0,0.0,0.0,0.0,0.0,0.0,0.0,0.0,0.0,0.0,0.0,0.0,0.0,0.0,0,0.0,0.0,0,0.0,0,0,0.0,0.0,0.0,700.0
슬림레시피,0,0.0,4.5,0.0,1.2,0.0,15.0,1.5,0.0,15.0,0.0,0.0,0.0,0.0,0.0,8.5,0.0,17.0,0,3.0,0.0,0,0.0,0,0,0.0,0.0,0.0,0.0
슬림바이오틱스,0,0.0,0.0,0.0,1.2,0.0,0.0,0.0,0.0,0.0,0.0,0.0,0.0,0.0,0.0,0.0,0.0,0.0,0,0.0,0.0,0,0.0,0,100000000,0.0,0.0,0.0,0.0
슬림앤다운녹차카테킨 구,0,5.0,0.0,0.0,0.0,0.0,15.0,0.0,0.0,0.0,0.0,0.0,0.0,0.0,0.0,0.0,0.0,0.0,0,0.0,0.0,0,0.0,0,0,0.0,0.0,0.0,0.0
슬림핏 다이어트 에스,0,0.0,0.0,0.0,0.0,0.0,0.0,0.0,0.0,0.0,0.0,0.0,0.0,0.0,0.0,0.0,0.0,0.0,0,0.0,0.0,0,4.0,0,0,0.0,0.0,0.0,0.0
슬림핏 츄어블,0,0.0,0.0,0.0,0.36,0.42,4.5,0.45,0.0,0.0,0.0,0.0,0.0,0.0,0.0,2.55,0.0,16.5,0,0.9,0.0,0,0.0,0,0,0.0,0.0,0.0,0.0
식후 혈당 조절에 도움을 줄 수 있는 밥,0,0.0,0.0,0.0,0.0,0.0,0.0,0.0,0.0,0.0,0.0,0.0,0.0,0.0,0.0,0.0,0.0,0.0,0,0.0,0.0,0,5.3,0,0,0.0,0.0,0.0,0.0
신경엔 마그네슘,0,10.0,0.0,0.0,0.0,0.0,0.0,0.0,0.0,2.4,0.0,0.0,0.0,315.0,0.0,0.0,0.8,0.0,0,3.0,0.0,0,0.0,0,0,0.0,0.0,0.0,700.0
쏘팔메토 HMYH,0,0.0,0.0,0.0,1.2,1.4,15.0,1.5,0.0,0.0,0.0,0.0,0.0,0.0,0.0,8.5,0.0,0.0,0,0.0,0.0,0,0.0,0,0,0.0,0.0,0.0,0.0
쏘팔메토업,0,0.0,0.0,0.0,0.96,0.0,0.0,0.0,0.0,0.0,0.0,0.0,0.0,0.0,0.0,4.25,0.0,0.0,0,4.0,0.0,0,0.0,0,0,0.0,0.0,0.0,0.0
쏘팔메토옥타쿨,0,0.0,0.0,0.0,0.0,0.0,0.0,0.0,0.0,0.0,0.0,0.0,0.0,0.0,0.0,3.7,0.0,0.0,0,0.0,0.0,0,0.0,0,0,0.0,0.0,0.0,0.0
쏘팔메토플러스,0,0.0,0.0,0.0,0.0,4.28,0.0,0.0,0.0,0.0,0.0,0.0,0.0,0.0,0.0,3.6,0.0,18.0,0,0.0,0.0,0,0.0,0,0,0.0,0.0,0.0,0.0
쏠라D 츄어블 1000IU,0,25.0,0.0,0.0,0.0,0.0,0.0,0.0,0.0,0.0,0.0,0.0,0.0,0.0,0.0,0.0,0.0,0.0,0,0.0,0.0,0,0.0,0,0,0.0,0.0,0.0,0.0
씨스팡 비타민D,0,50.0,0.0,0.0,0.0,0.0,0.0,0.0,0.0,0.0,0.0,0.0,0.0,0.0,0.0,0.0,0.0,0.0,0,0.0,0.0,0,0.0,0,0,0.0,0.0,0.0,0.0
씨스팡 생유산균,0,0.0,0.0,0.0,0.0,0.0,0.0,0.0,0.0,0.0,0.0,0.0,0.0,0.0,0.0,0.0,0.0,0.0,0,0.0,0.0,0,0.0,0,1000000000,0.0,0.0,0.0,0.0
씨에스엠파우더,0,0.0,0.0,0.0,0.0,0.0,0.0,0.0,0.0,0.0,0.0,61.6,0.0,0.0,0.0,0.0,0.0,0.0,0,0.0,0.0,0,0.0,0,0,0.0,0.0,0.0,0.0
아반바프리미엄비타민C플러스,0,0.0,0.0,0.0,0.0,1.4,0.0,0.0,0.0,0.0,0.0,500.0,0.0,0.0,0.0,0.0,0.0,0.0,0,0.0,0.0,0,0.0,0,0,0.0,0.0,0.0,0.0
아스오메가 플러스,0,0.0,0.0,0.0,0.0,0.0,0.0,0.0,0.0,0.0,0.0,0.0,0.0,0.0,0.0,0.0,0.0,0.0,0,0.0,0.0,0,0.0,0,0,0.0,0.0,195.0,0.0
아스코르빈산,0,0.0,0.0,0.0,0.0,0.0,0.0,0.0,0.0,0.0,0.0,3000.0,0.0,0.0,0.0,0.0,0.0,0.0,0,0.0,0.0,0,0.0,0,0,0.0,0.0,0.0,0.0
아스타루테인 블루,0,0.0,11.0,0.0,0.0,0.0,0.0,0.0,0.0,0.0,0.0,0.0,0.0,0.0,0.0,0.0,0.0,0.0,0,0.0,0.0,0,0.0,0,0,0.0,20.0,0.0,700.0
아약 이뮨 프로바이오틱스,0,0.0,0.0,0.0,0.0,0.0,0.0,0.0,8.5,0.0,0.0,0.0,0.0,0.0,0.0,0.0,0.0,55.0,0,0.0,0.0,0,0.0,0,10000000000,0.0,0.0,0.0,0.0
아이센루테인골드,0,0.0,10.3,0.0,0.0,1.78,0.0,1.5,0.0,0.0,0.0,0.0,0.0,0.0,0.0,10.0,0.0,0.0,0,2.49,0.0,0,0.0,0,0,0.0,20.0,0.0,1000.0
아이컨택,0,5.0,9.0,0.0,0.0,0.0,0.0,0.0,0.0,0.0,0.0,50.0,0.0,315.0,0.0,8.0,0.0,0.0,0,0.0,0.0,0,0.0,0,0,0.0,0.0,0.0,600.0
아이패스 에이치(I PASS H),0,0.0,0.0,0.0,0.0,0.0,0.0,0.0,0.0,0.0,0.0,0.0,0.0,0.0,0.0,0.0,0.0,0.0,0,0.0,0.0,0,0.0,0,0,12.3,0.0,0.0,0.0
아이패스 엠(I PASS M),0,0.0,0.0,0.0,0.0,0.0,0.0,0.0,0.0,0.0,0.0,0.0,0.0,0.0,0.0,0.0,0.0,0.0,0,0.0,0.0,0,0.0,0,0,8.8,0.0,0.0,0.0
아이패스제이 로얄,0,0.0,0.0,0.0,0.0,0.0,0.0,0.0,0.0,0.0,0.0,0.0,0.0,0.0,0.0,0.0,0.0,0.0,0,0.0,0.0,0,0.0,0,0,7.4,0.0,0.0,0.0
아이해피츄,0,5.0,5.5,0.0,0.6,0.7,0.0,0.75,200.0,1.2,0.0,50.0,0.0,0.0,3.6,4.25,0.0,0.0,0,1.5,0.0,0,0.0,0,0,0.0,0.0,0.0,350.0
아임칼슘,0,18.0,0.0,0.0,0.0,0.0,0.0,0.0,0.0,0.0,0.0,0.0,210.0,95.0,0.0,18.0,0.0,0.0,0,0.0,0.0,0,0.0,0,0,0.0,0.0,0.0,0.0
아직보,0,0.0,0.0,0.0,0.0,0.0,0.0,0.0,0.0,0.0,0.0,0.0,0.0,0.0,0.0,0.0,0.0,0.0,0,0.0,0.0,0,0.0,0,0,5.0,0.0,0.0,0.0
안국 뼈칼슘,0,0.0,0.0,0.0,0.0,0.0,0.0,0.0,0.0,0.0,0.0,0.0,210.0,0.0,0.0,0.0,0.0,0.0,0,0.0,0.0,0,0.0,0,0,0.0,0.0,0.0,0.0
안국 편한눈,0,0.0,0.0,0.0,0.0,0.0,0.0,0.0,0.0,0.0,0.0,0.0,0.0,0.0,0.0,0.0,0.0,0.0,0,0.0,0.0,0,0.0,0,0,0.0,10.0,0.0,700.0
알로에 프로바이오틱스 아연,0,0.0,0.0,0.0,0.0,0.0,0.0,0.0,0.0,0.0,0.0,0.0,0.0,0.0,0.0,8.5,0.0,0.0,0,0.0,0.0,0,0.0,0,100000000,0.0,0.0,0.0,0.0
알티지 오메가3 루테인 비타민D,0,25.0,0.0,0.0,0.0,0.0,0.0,0.0,0.0,0.0,0.0,0.0,0.0,0.0,0.0,0.0,0.0,0.0,0,0.0,0.0,0,0.0,0,0,0.0,20.0,600.0,0.0
알티지(rTG) 오메가3,0,0.0,5.6,0.0,0.0,0.0,0.0,0.0,0.0,0.0,0.0,0.0,0.0,0.0,0.0,0.0,0.0,0.0,0,0.0,0.0,0,0.0,0,0,0.0,0.0,500.0,0.0
액티브 메틸 폴릭,0,0.0,0.0,0.0,0.0,0.0,0.0,3.0,800.0,48.0,0.0,60.0,0.0,0.0,0.0,13.0,0.0,0.0,0,0.0,0.0,0,0.0,0,0,0.0,0.0,0.0,0.0
액티브 비타민B,0,0.0,0.0,0.0,12.0,14.0,15.0,1.5,400.0,2.4,30.0,0.0,0.0,0.0,0.0,0.0,0.0,0.0,0,0.0,0.0,0,0.0,0,0,0.0,0.0,0.0,0.0
액티브 폴릭,0,0.0,0.0,0.0,0.0,0.0,0.0,0.0,400.0,2.4,0.0,0.0,0.0,0.0,0.0,0.0,0.0,0.0,0,0.0,0.0,0,0.0,0,0,0.0,0.0,0.0,0.0
액티브마그네슘컴플렉스,0,3.0,0.0,0.0,0.36,0.42,0.0,0.45,0.0,0.0,0.0,0.0,0.0,315.0,0.0,0.0,0.0,0.0,0,0.0,0.0,0,0.0,0,0,0.0,0.0,0.0,210.0
액티브마그네슘플러스,0,3.0,0.0,0.0,0.36,0.42,0.0,0.42,120.0,0.0,0.0,0.0,0.0,315.0,0.0,0.0,0.0,0.0,0,0.0,0.0,0,0.0,0,0,0.0,0.0,0.0,210.0
액티브마그네슘플러스비타민D,0,10.0,0.0,0.0,1.2,0.0,0.0,1.5,0.0,0.0,0.0,0.0,0.0,315.0,0.0,0.0,0.0,0.0,0,0.0,0.0,0,0.0,0,0,0.0,0.0,0.0,0.0
앱솔루트 어골칼슘,0,4.0,0.0,0.0,0.0,0.0,0.0,0.0,0.0,0.0,0.0,0.0,210.0,0.0,0.0,0.0,0.0,0.0,0,0.0,0.0,0,0.0,0,0,0.0,0.0,0.0,0.0
앱솔루트어골칼슘 PGA비타프리미엄,0,4.0,0.0,70.0,0.0,0.0,0.0,0.0,0.0,0.0,0.0,0.0,210.0,0.0,0.0,0.0,0.0,0.0,0,3.0,0.0,0,0.0,0,0,0.0,0.0,0.0,0.0
야무진초롱,0,0.0,0.0,0.0,0.0,0.0,0.0,0.0,0.0,0.0,0.0,100.0,0.0,0.0,0.0,0.0,0.0,0.0,0,0.0,0.0,0,0.0,0,0,0.0,0.0,0.0,0.0
어골칼듐,0,10.0,0.0,70.0,0.0,0.0,0.0,0.0,0.0,0.0,0.0,0.0,210.0,105.0,0.0,8.5,0.0,0.0,0,0.0,0.0,0,0.0,0,0,0.0,0.0,0.0,0.0
어골칼슘 마그네슘 비타민D 아연 + 폴리감마글루탐산,0,10.0,0.0,0.0,0.0,0.0,0.0,0.0,0.0,0.0,0.0,0.0,310.0,155.0,0.0,8.5,0.0,0.0,0,3.0,0.0,0,0.0,0,0,0.0,0.0,0.0,0.0
어뉴엠 코어 멀티비타민,0,12.0,0.0,0.0,1.44,1.55,15.62,2.09,468.07,0.0,138.38,100.2,0.0,0.0,0.0,8.52,0.0,55.0,0,3.04,26.4,0,0.0,0,0,0.0,0.0,0.0,0.0
어린이 멀티비타민,0,5.0,0.0,0.0,0.5,2.5,10.0,5.0,0.0,0.0,0.0,100.0,0.0,0.0,0.0,5.0,0.0,0.0,0,0.0,0.0,0,0.0,0,0,0.0,0.0,0.0,0.0
어린이 종합비타민 미네랄,0,5.0,0.0,35.0,1.2,1.4,0.0,1.5,200.0,2.4,15.0,50.0,0.0,0.0,4.25,4.25,0.0,27.5,0,1.5,0.0,0,0.0,0,0,0.0,0.0,0.0,350.0
어린이 종합비타민츄어블 16,0,5.0,5.5,35.0,1.2,1.4,4.5,1.5,200.0,2.4,15.0,50.0,0.0,0.0,4.8,4.25,0.0,0.0,0,1.5,0.0,0,0.0,0,0,0.0,0.0,0.0,350.0
어린이를 위한 비타민 레모나키즈,0,0.0,0.0,0.0,0.0,0.4,0.0,1.0,0.0,0.0,0.0,100.0,0.0,0.0,0.0,0.0,0.0,0.0,0,0.0,0.0,0,0.0,0,0,0.0,0.0,0.0,0.0
어린이홍삼 큰키즈골드(KIDS GOLD),0,0.0,0.0,0.0,0.0,0.0,0.0,0.0,0.0,0.0,0.0,0.0,0.0,0.0,0.0,0.0,0.0,0.0,0,0.0,0.0,0,0.0,0,0,3.0,0.0,0.0,0.0
어삼진액프리미엄,0,0.0,0.0,0.0,0.0,0.0,0.0,0.0,0.0,0.0,0.0,0.0,0.0,0.0,0.0,0.0,0.0,0.0,0,0.0,0.0,0,0.0,0,0,5.0,0.0,0.0,0.0
에브리데이 홍삼활력 100+20,0,0.0,0.0,0.0,0.0,0.0,0.0,0.0,0.0,0.0,0.0,0.0,0.0,0.0,0.0,0.0,0.0,0.0,0,0.0,0.0,0,0.0,0,0,7.0,0.0,0.0,0.0
에스리버(S-liver),0,0.0,0.0,0.0,14.0,18.0,54.0,15.0,400.0,17.4,900.0,0.0,0.0,0.0,0.0,0.0,0.0,0.0,0,0.0,0.0,0,0.0,0,0,0.0,0.0,0.0,0.0
에이지티프로바이오틱스,0,0.0,0.0,0.0,0.0,0.0,0.0,0.0,0.0,0.0,0.0,0.0,0.0,0.0,0.0,0.0,0.0,0.0,0,0.0,0.0,0,0.0,0,100000000,0.0,0.0,0.0,0.0
에이치마인드 스킨바이오틱스,0,0.0,0.0,0.0,0.0,0.0,0.0,0.0,0.0,0.0,0.0,0.0,0.0,0.0,0.0,0.0,0.0,0.0,0,0.0,0.0,0,0.0,0,1000000000,0.0,0.0,0.0,0.0
에이치마인드 프로바이오틱스(Hmind Probiotics),0,0.0,0.0,0.0,0.0,0.0,0.0,0.0,0.0,0.0,0.0,0.0,0.0,0.0,0.0,0.0,0.0,0.0,0,0.0,0.0,0,0.0,0,5000000000,0.0,0.0,0.0,0.0
엑티바이옴MVP(엠브이피),0,0.0,0.0,0.0,0.0,0.0,0.0,0.0,0.0,0.0,0.0,0.0,0.0,0.0,0.0,0.0,0.0,0.0,0,0.0,0.0,0,0.0,0,100000000,0.0,0.0,0.0,0.0
엑티브아연,0,0.0,0.0,0.0,0.0,0.0,0.0,0.0,0.0,0.0,0.0,0.0,0.0,0.0,0.0,10.296,0.0,0.0,0,0.0,0.0,0,0.0,0,0,0.0,0.0,0.0,0.0
엔바이탈 생생 프로바이오틱스(Envital Probiotics Alive),0,0.0,0.0,0.0,0.0,0.0,0.0,0.0,0.0,0.0,0.0,0.0,0.0,0.0,0.0,2.55,0.0,0.0,0,0.0,0.0,0,0.0,0,8000000000,0.0,0.0,0.0,0.0
엘제이지 덴티케어,0,0.0,0.0,0.0,0.0,0.0,0.0,0.0,0.0,0.0,0.0,100.0,250.0,0.0,0.0,2.8,0.0,0.0,0,0.0,0.0,0,0.0,0,0,0.0,0.0,0.0,0.0
엠포스,0,0.0,0.0,0.0,0.0,0.0,0.0,0.0,0.0,0.0,0.0,0.0,0.0,0.0,0.0,0.0,0.0,0.0,0,0.0,0.0,0,0.0,0,0,3.0,0.0,0.0,0.0
엽산800,0,0.0,0.0,0.0,0.0,0.0,0.0,0.0,800.0,0.0,0.0,0.0,0.0,0.0,0.0,0.0,0.0,0.0,0,0.0,0.0,0,0.0,0,0,0.0,0.0,0.0,0.0
오르 다이어트,0,0.0,0.0,0.0,0.0,0.0,0.0,0.0,0.0,0.0,0.0,0.0,0.0,0.0,0.0,0.0,0.0,0.0,0,0.0,0.0,0,0.0,0,100000000,0.0,0.0,0.0,0.0
오르 엽산,0,0.0,0.0,0.0,0.0,0.0,0.0,1.6,300.0,7.6,0.0,0.0,0.0,0.0,0.0,3.6,0.0,0.0,0,0.0,0.0,0,0.0,0,0,0.0,0.0,0.0,0.0
오마이 철분,0,0.0,0.0,0.0,0.0,0.0,0.0,1.2,0.0,0.0,0.0,100.0,0.0,0.0,12.0,400.0,0.0,0.0,0,0.0,0.0,0,0.0,0,0,0.0,0.0,0.0,0.0
오메가 3,0,0.0,0.0,0.0,0.0,0.0,0.0,0.0,0.0,0.0,0.0,0.0,0.0,0.0,0.0,0.0,0.0,0.0,0,0.0,0.0,0,0.0,0,0,0.0,0.0,560.0,0.0
오메가 큐(Omega Q),0,0.0,0.0,0.0,0.0,0.0,0.0,0.0,0.0,0.0,0.0,0.0,0.0,0.0,0.0,0.0,0.0,0.0,0,0.0,0.0,0,0.0,0,0,0.0,0.0,1000.0,0.0
오메가-3G,0,0.0,0.0,0.0,0.0,0.0,0.0,0.0,0.0,0.0,0.0,0.0,0.0,0.0,0.0,0.0,0.0,0.0,0,0.0,0.0,0,0.0,0,0,0.0,0.0,625.59,0.0
오메가3루테인,0,0.0,0.0,0.0,0.0,0.0,0.0,0.0,0.0,0.0,0.0,0.0,0.0,0.0,0.0,0.0,0.0,0.0,0,0.0,0.0,0,0.0,0,0,0.0,20.0,600.0,0.0
오메가3맥스,0,0.0,4.56,0.0,0.0,0.0,0.0,0.0,0.0,0.0,0.0,0.0,0.0,0.0,0.0,0.0,0.0,0.0,0,0.0,0.0,0,0.0,0,0,0.0,0.0,554.0,0.0
오프10,0,5.0,11.0,0.0,0.0,0.0,0.0,0.0,0.0,0.0,0.0,0.0,0.0,0.0,0.0,0.0,0.0,0.0,0,0.0,0.0,0,0.0,0,0,0.0,0.0,0.0,703.4
온가족츄어블유산균,0,0.0,0.0,0.0,0.0,0.0,0.0,0.0,0.0,0.0,0.0,0.0,0.0,0.0,0.0,0.0,0.0,0.0,0,0.0,0.0,0,0.0,0,100000000,0.0,0.0,0.0,0.0
올댓우먼,0,0.0,11.0,0.0,0.0,0.0,0.0,1.5,0.0,0.0,0.0,0.0,0.0,0.0,0.0,0.0,0.0,0.0,0,0.0,0.0,0,0.0,0,0,0.0,0.0,0.0,0.0
올바른 멀티비타민,0,10.0,11.0,70.0,1.2,1.4,15.0,1.5,400.0,2.4,30.0,100.0,0.0,0.0,12.0,8.5,0.0,55.0,0,3.0,0.0,0,0.0,0,0,0.0,0.0,0.0,700.0
올바른 칼슘마그네슘비타민D아연,0,10.0,0.0,0.0,0.0,0.0,0.0,0.0,0.0,0.0,0.0,0.0,210.0,126.0,0.0,8.5,0.0,0.0,0,0.0,0.0,0,0.0,0,0,0.0,0.0,0.0,0.0
올바른 프로바이오틱스,0,0.0,0.0,0.0,0.0,0.0,0.0,0.0,0.0,0.0,0.0,0.0,0.0,0.0,0.0,8.5,0.0,55.0,0,0.0,0.0,0,0.0,0,100000000,0.0,0.0,0.0,0.0
올빼미 가르시니아,0,0.0,0.0,0.0,2.4,2.8,15.0,3.0,0.0,0.0,30.0,0.0,0.0,0.0,0.0,8.5,0.0,55.0,0,0.0,0.0,0,0.0,0,0,0.0,0.0,0.0,700.0
올빼미 카테킨,0,0.0,0.0,0.0,0.0,0.0,0.0,0.0,400.0,0.0,0.0,100.0,0.0,0.0,0.0,8.5,0.0,55.0,0,0.0,0.0,0,0.0,0,0,0.0,0.0,0.0,0.0
올인원멀티비타민,0,10.0,11.0,70.0,1.2,1.4,15.0,1.5,400.0,2.4,30.0,100.0,0.0,0.0,12.0,8.5,0.0,55.0,150,3.0,0.0,0,0.0,0,0,0.0,0.0,0.0,700.0
올키 유산균 츄어블,0,0.0,0.0,0.0,0.0,0.0,0.0,0.0,0.0,0.0,0.0,0.0,0.0,0.0,0.0,0.0,0.0,0.0,0,0.0,0.0,0,0.0,0,200000000,0.0,0.0,0.0,0.0
와이즈 루테인아스타잔틴,0,10.0,3.3,0.0,0.0,0.0,0.0,0.0,0.0,0.0,0.0,0.0,0.0,0.0,0.0,8.5,0.0,0.0,0,0.0,0.0,0,0.0,0,0,0.0,20.0,0.0,700.0
와이즈 알티지 오메가3 루테인 비타민D,0,25.0,0.0,0.0,0.0,0.0,0.0,0.0,0.0,0.0,0.0,0.0,0.0,0.0,0.0,0.0,0.0,0.0,0,0.0,0.0,0,0.0,0,0,0.0,20.0,600.0,0.0
우리아이 건강엔 튼튼타민,0,5.0,0.0,35.0,0.6,0.7,0.0,0.75,200.0,1.2,9.0,100.0,0.0,0.0,0.0,4.25,0.0,17.0,0,0.9,0.0,0,0.0,0,0,0.0,0.0,0.0,210.0
우리아이 맛있는 튼튼철분,0,0.0,0.0,0.0,0.0,0.0,0.0,1.5,320.0,2.4,0.0,80.0,0.0,0.0,12.0,0.0,0.0,0.0,0,0.0,0.0,0,0.0,0,0,0.0,0.0,0.0,0.0
우리아이눈엔 루테인키즈,0,0.0,0.0,0.0,0.0,0.0,0.0,0.0,0.0,0.0,0.0,0.0,0.0,0.0,0.0,0.0,0.0,0.0,0,0.0,0.0,0,0.0,0,0,0.0,20.0,0.0,700.0
울트라프로바이오틱스,0,0.0,0.0,0.0,0.0,0.0,0.0,0.0,0.0,0.0,0.0,0.0,0.0,0.0,0.0,8.5,0.0,0.0,0,0.0,0.0,0,0.0,0,200000000,0.0,0.0,0.0,0.0
월드라키즈,0,5.36,10.38,0.0,2.23,2.0,9.14,1.77,307.69,0.0,0.0,100.0,320.0,0.0,0.0,8.0,0.0,0.0,0,0.0,0.0,0,0.0,0,0,0.0,0.0,0.0,720.0
웨이업 멀티비타민&미네랄,0,10.0,11.0,70.0,1.2,1.4,15.0,1.5,400.0,2.4,30.0,100.0,0.0,0.0,12.0,8.5,0.8,55.0,0,3.0,25.0,0,0.0,0,0,0.0,0.0,0.0,700.0
웰러스폴리시아포스트바이오틱스,0,0.0,0.0,0.0,0.0,0.0,0.0,0.0,0.0,0.0,0.0,0.0,0.0,0.0,0.0,8.5,0.0,0.0,0,0.0,0.0,0,0.0,0,100000000,0.0,0.0,0.0,0.0
웰빙오메가3-EPA DHA,0,0.0,0.0,0.0,0.0,0.0,0.0,0.0,0.0,0.0,0.0,0.0,0.0,0.0,0.0,0.0,0.0,0.0,0,0.0,0.0,0,0.0,0,0,0.0,0.0,594.0,0.0
웰빙철분,0,0.0,0.0,0.0,0.0,0.0,0.0,0.0,0.0,0.0,0.0,0.0,0.0,0.0,7.77,0.0,0.0,0.0,0,0.0,0.0,0,0.0,0,0,0.0,0.0,0.0,0.0
웰빙홍삼,0,0.0,0.0,0.0,0.0,0.0,0.0,0.0,0.0,0.0,0.0,0.0,0.0,0.0,0.0,0.0,0.0,0.0,0,0.0,0.0,0,0.0,0,0,3.0,0.0,0.0,0.0
웰키커 어린이 츄어블 아연,0,0.0,0.0,0.0,0.0,0.7,0.0,0.0,0.0,1.2,0.0,0.0,0.0,0.0,0.0,8.5,0.0,0.0,0,0.0,0.0,0,0.0,0,0,0.0,0.0,0.0,0.0
웰키커(well-kicker) 어린이 유산균,0,0.0,0.0,0.0,0.0,0.0,0.0,0.0,0.0,0.0,0.0,0.0,0.0,0.0,0.0,5.0,0.0,0.0,0,0.0,0.0,0,0.0,0,200000000,0.0,0.0,0.0,0.0
위건강,0,0.0,3.3,0.0,0.0,0.0,0.0,0.0,0.0,0.0,0.0,30.0,0.0,0.0,0.0,8.5,0.0,55.0,0,0.0,0.0,0,0.0,0,0,0.0,0.0,0.0,700.0
유기농 메가 비오틴 1200,0,0.0,0.0,0.0,0.0,0.0,0.0,0.0,0.0,2.4,1200.0,0.0,0.0,0.0,0.0,0.0,0.0,27.5,0,0.0,0.0,0,0.0,0,0,0.0,0.0,0.0,0.0
유기농 밀크씨슬 프리미엄,0,0.0,0.0,0.0,0.0,0.0,0.0,0.0,0.0,0.72,0.0,0.0,0.0,0.0,0.0,0.0,0.0,16.5,0,0.0,0.0,0,0.0,0,0,0.0,0.0,0.0,0.0
유기농 밀크씨슬,0,0.0,0.0,0.0,0.0,0.0,0.0,0.0,0.0,0.72,0.0,0.0,0.0,0.0,0.0,0.0,0.0,16.5,0,0.0,0.0,0,0.0,0,0,0.0,0.0,0.0,0.0
유기농 비타민D 2000IU,0,50.0,0.0,0.0,0.0,0.0,0.0,0.0,0.0,0.0,0.0,0.0,0.0,0.0,0.0,0.0,0.0,16.5,0,0.0,0.0,0,0.0,0,0,0.0,0.0,0.0,0.0
유기농 비타민D 4000IU 셀렌,0,100.0,0.0,0.0,0.0,0.0,0.0,0.0,0.0,0.0,0.0,0.0,0.0,0.0,0.0,0.0,0.0,27.5,0,0.0,0.0,0,0.0,0,0,0.0,0.0,0.0,0.0
유산균 충전 내몸엔 프로바이오틱스,0,0.0,0.0,0.0,0.0,0.0,0.0,0.0,0.0,0.0,0.0,0.0,0.0,0.0,0.0,8.5,0.0,55.0,0,0.0,0.0,0,0.0,0,100000000,0.0,0.0,0.0,0.0
유산균56,0,0.0,0.0,0.0,0.0,0.0,0.0,0.0,0.0,0.0,0.0,0.0,0.0,0.0,0.0,8.5,0.0,55.0,0,0.0,0.0,0,0.0,0,1000000000,0.0,0.0,0.0,0.0
유산균엔 19종 락토사랑,0,0.0,0.0,0.0,0.0,0.0,0.0,0.0,0.0,0.0,0.0,0.0,0.0,0.0,0.0,8.5,0.0,55.0,0,0.0,0.0,0,0.0,0,100000000,0.0,0.0,0.0,0.0
유산균혼합분말,0,0.0,0.0,0.0,0.0,0.0,0.0,0.0,0.0,0.0,0.0,0.0,0.0,0.0,0.0,0.0,0.0,0.0,0,0.0,0.0,0,0.0,0,122000000000,0.0,0.0,0.0,0.0
유웰멀티비타,0,0.5,0.0,0.0,0.43,0.51,0.0,0.0,0.0,0.27,0.0,0.0,0.0,0.0,0.0,0.0,0.0,0.0,0,0.0,0.0,0,0.0,0,0,0.0,0.0,0.0,188.5
유유퓨어비타민C,0,0.0,0.0,0.0,0.0,0.0,0.0,0.0,0.0,0.0,0.0,200.0,0.0,0.0,0.0,0.0,0.0,0.0,0,0.0,0.0,0,0.0,0,0,0.0,0.0,0.0,0.0
유판씨-쮸,0,0.0,0.0,0.0,0.0,0.0,0.0,0.0,0.0,0.0,0.0,400.0,0.0,0.0,0.0,8.0,0.0,0.0,0,0.0,0.0,0,0.0,0,0,0.0,0.0,0.0,0.0
유한키즈스틱,0,0.0,0.0,0.0,0.0,0.0,0.0,0.0,0.0,0.0,0.0,0.0,0.0,0.0,0.0,4.0,0.0,0.0,0,0.0,0.0,0,0.0,0,0,0.0,0.0,0.0,0.0
이너 프로바이오틱스,0,0.0,0.0,0.0,0.0,0.0,0.0,0.0,400.0,0.0,0.0,0.0,0.0,0.0,0.0,0.0,0.0,0.0,0,0.0,0.0,0,0.0,0,500000000,0.0,0.0,0.0,0.0
이너공주,0,0.0,5.5,0.0,1.2,0.0,0.0,1.5,0.0,0.0,0.0,0.0,0.0,0.0,0.0,0.0,0.0,0.0,0,0.0,0.0,0,0.0,0,0,0.0,0.0,0.0,210.0
이너랩 간 건강엔N 밀크씨슬,0,0.0,0.0,0.0,1.2,1.4,15.0,1.5,0.0,2.4,30.0,0.0,0.0,0.0,0.0,2.55,0.0,0.0,0,0.0,0.0,0,0.0,0,0,0.0,0.0,0.0,0.0
이너브레인 프로바이오틱스,0,0.0,0.0,0.0,0.0,0.0,0.0,0.0,0.0,0.0,0.0,0.0,0.0,0.0,0.0,0.0,0.0,0.0,0,0.0,0.0,0,0.0,0,2000000000,0.0,0.0,0.0,0.0
이너스킨 어린콜라겐 비오틴플러스(INNER-SKIN FISH SCALE COLLAGEN BIOTIN PLUS),0,10.0,0.0,0.0,0.0,0.0,0.0,0.0,0.0,0.0,30.0,0.0,0.0,0.0,0.0,0.0,0.0,0.0,0,0.0,0.0,0,0.0,0,0,0.0,0.0,0.0,0.0
이너슬리밍,0,0.0,0.0,0.0,0.0,0.0,0.0,0.0,0.0,0.0,0.0,0.0,0.0,0.0,0.0,0.0,0.0,0.0,0,0.0,0.0,0,5.5,0,0,0.0,0.0,0.0,0.0
이온스칼슘,0,0.0,0.0,0.0,0.0,0.0,0.0,0.0,0.0,0.0,0.0,0.0,215.0,0.0,0.0,0.0,0.0,0.0,0,0.0,0.0,0,0.0,0,0,0.0,0.0,0.0,0.0
이지다이어트 액티브 가르시니아,0,10.0,0.0,0.0,2.4,2.8,0.0,3.0,0.0,0.0,0.0,50.0,0.0,0.0,6.0,8.5,0.0,55.0,0,0.0,0.0,0,0.0,0,0,0.0,0.0,0.0,700.0
이지컷 다이어트,0,0.0,0.0,0.0,10.0,13.0,42.0,0.0,0.0,0.0,0.0,0.0,0.0,0.0,0.0,0.0,0.0,0.0,0,0.0,0.0,0,0.0,0,0,0.0,0.0,0.0,0.0
인삼농축액,0,0.0,0.0,0.0,0.0,0.0,0.0,0.0,0.0,0.0,0.0,0.0,0.0,0.0,0.0,0.0,0.0,0.0,0,0.0,0.0,0,0.0,0,0,13.2,0.0,0.0,0.0
인삼농축액8,0,0.0,0.0,0.0,0.0,0.0,0.0,0.0,0.0,0.0,0.0,0.0,0.0,0.0,0.0,0.0,0.0,0.0,0,0.0,0.0,0,0.0,0,0,8.0,0.0,0.0,0.0
인삼농축액골드,0,0.0,0.0,0.0,0.0,0.0,0.0,0.0,0.0,0.0,0.0,0.0,0.0,0.0,0.0,0.0,0.0,0.0,0,0.0,0.0,0,0.0,0,0,12.0,0.0,0.0,0.0
인삼농축액분말,0,0.0,0.0,0.0,0.0,0.0,0.0,0.0,0.0,0.0,0.0,0.0,0.0,0.0,0.0,0.0,0.0,0.0,0,0.0,0.0,0,0.0,0,0,15.0,0.0,0.0,0.0
인삼분말골드,0,0.0,0.0,0.0,0.0,0.0,0.0,0.0,0.0,0.0,0.0,0.0,0.0,0.0,0.0,0.0,0.0,0.0,0,0.0,0.0,0,0.0,0,0,12.0,0.0,0.0,0.0
인성비타민골드,0,0.0,0.0,0.0,0.0,0.0,0.0,0.0,0.0,0.0,0.0,170.0,0.0,0.0,0.0,0.0,0.0,0.0,0,0.0,0.0,0,0.0,0,0,0.0,0.0,0.0,0.0
인성식물성DHA,0,0.0,0.0,0.0,0.0,0.0,0.0,0.0,0.0,0.0,0.0,0.0,0.0,0.0,0.0,0.0,0.0,0.0,0,0.0,0.0,0,0.0,0,0,0.0,0.0,500.0,0.0
인성코큐텐,0,0.0,6.0,0.0,0.0,0.0,0.0,0.0,0.0,0.0,0.0,0.0,0.0,0.0,0.0,0.0,0.0,0.0,0,0.0,0.0,0,0.0,0,0,0.0,0.0,0.0,0.0
인지엔 데커신,0,10.0,0.0,0.0,0.0,0.0,10.0,0.0,0.0,0.0,0.0,0.0,0.0,0.0,0.0,8.5,0.0,0.0,0,3.0,0.0,0,0.0,0,0,0.0,0.0,0.0,0.0
인지팍관절팍,0,10.0,0.0,0.0,0.0,0.0,0.0,0.0,0.0,0.0,0.0,0.0,0.0,0.0,0.0,8.5,0.0,0.0,0,0.0,0.0,0,0.0,0,0,0.0,0.0,0.0,0.0
인테로 눈건강 루테인 메타,0,0.0,11.0,0.0,0.0,1.4,0.0,1.5,0.0,2.4,0.0,0.0,0.0,0.0,0.0,8.5,0.0,55.0,0,0.0,0.0,0,0.0,0,0,0.0,20.0,0.0,700.0
인테로 초임계 알티지오메가3 플러스,0,25.0,4.95,0.0,0.0,0.0,0.0,0.0,0.0,0.0,0.0,0.0,0.0,0.0,0.0,0.0,0.0,0.0,0,0.0,0.0,0,0.0,0,0,0.0,0.0,600.0,0.0
인테로 칼슘 마그네슘 아연 비타민D 메타,0,10.0,0.0,0.0,0.0,0.0,0.0,0.0,0.0,0.0,0.0,0.0,300.0,150.0,0.0,6.0,0.0,0.0,0,0.0,0.0,0,0.0,0,0,0.0,0.0,0.0,0.0
인테로 활력 비타민B컴플렉스 플러스,0,0.0,0.0,0.0,3.6,4.2,15.0,4.5,1000.0,7.2,90.0,0.0,0.0,0.0,0.0,8.5,0.0,55.0,0,0.0,0.0,0,0.0,0,0,0.0,0.0,0.0,0.0
인파실-지,0,0.0,0.0,0.0,0.0,0.0,0.0,0.0,0.0,0.0,0.0,0.0,0.0,0.0,0.0,0.0,0.0,0.0,0,0.0,0.0,0,7.0,0,0,0.0,0.0,0.0,0.0
일동 생유산균,0,0.0,0.0,0.0,0.0,0.0,0.0,0.0,0.0,0.0,0.0,0.0,0.0,0.0,0.0,2.83,0.0,0.0,0,0.0,0.0,0,0.0,0,100000000,0.0,0.0,0.0,0.0
일양 전립선건강 눈건강 파워솔루션,0,10.0,11.0,0.0,0.0,1.4,0.0,0.0,0.0,0.0,0.0,0.0,0.0,0.0,0.0,25.0,0.0,0.0,0,0.0,0.0,0,0.0,0,0,0.0,20.0,0.0,700.0
일양 프리미엄 멀티비타민,0,3.0,0.0,0.0,0.4,0.0,0.0,0.0,0.0,0.0,0.0,40.0,0.0,0.0,0.0,10.0,0.0,0.0,0,0.0,0.0,0,0.0,0,0,0.0,0.0,0.0,0.0
일양차전자피변비움식이섬유,0,0.0,0.0,0.0,0.0,0.0,0.0,0.0,0.0,0.0,0.0,0.0,0.0,0.0,0.0,0.0,0.0,0.0,0,0.0,0.0,0,6.8,0,0,0.0,0.0,0.0,0.0
일화고려인삼농축액분말,0,0.0,0.0,0.0,0.0,0.0,0.0,0.0,0.0,0.0,0.0,0.0,0.0,0.0,0.0,0.0,0.0,0.0,0,0.0,0.0,0,0.0,0,0,25.0,0.0,0.0,0.0
일화고려홍삼농축액,0,0.0,0.0,0.0,0.0,0.0,0.0,0.0,0.0,0.0,0.0,0.0,0.0,0.0,0.0,0.0,0.0,0.0,0,0.0,0.0,0,0.0,0,0,15.0,0.0,0.0,0.0
일화인삼차,0,0.0,0.0,0.0,0.0,0.0,0.0,0.0,0.0,0.0,0.0,0.0,0.0,0.0,0.0,0.0,0.0,0.0,0,0.0,0.0,0,0.0,0,0,38.9,0.0,0.0,0.0
일화홍삼농축액,0,0.0,0.0,0.0,0.0,0.0,0.0,0.0,0.0,0.0,0.0,0.0,0.0,0.0,0.0,0.0,0.0,0.0,0,0.0,0.0,0,0.0,0,0,30.0,0.0,0.0,0.0
자연을 품은 칼마디아,0,10.0,0.0,0.0,0.0,0.0,0.0,0.0,0.0,0.0,0.0,0.0,299.0,151.0,0.0,8.5,0.0,0.0,0,0.0,0.0,0,0.0,0,0,0.0,0.0,0.0,0.0
잘크톤 멀티쑥쑥 츄어블정,0,5.2,0.0,0.0,0.0,0.0,0.0,0.0,0.0,0.0,0.0,0.0,250.0,0.0,0.0,2.6,0.0,0.0,0,0.0,0.0,0,0.0,0,0,0.0,0.0,0.0,0.0
잘크톤 멀티튼튼 츄어블정,0,0.0,0.0,0.0,0.48,0.0,0.0,0.64,0.0,0.0,0.0,66.0,250.0,0.0,0.0,4.4,0.0,0.0,0,0.0,0.0,0,0.0,0,0,0.0,0.0,0.0,0.0
장 건강엔 더 착한 유산균,0,0.0,0.0,0.0,0.0,0.0,0.0,0.0,0.0,0.0,0.0,0.0,0.0,0.0,0.0,3.6,0.0,0.0,0,0.0,0.0,0,0.0,0,1000000000,0.0,0.0,0.0,0.0
장건강 프로바이오틱스,0,0.0,0.0,0.0,0.0,0.0,0.0,0.0,0.0,0.0,0.0,0.0,0.0,0.0,0.0,0.0,0.0,0.0,0,0.0,0.0,0,0.0,0,100000000,0.0,0.0,0.0,0.0
장건강듀오프로바이오틱스골드,0,0.0,0.0,0.0,0.0,0.0,0.0,0.0,0.0,0.0,0.0,0.0,0.0,0.0,0.0,8.5,0.0,0.0,0,0.0,0.0,0,0.0,0,100000000,0.0,0.0,0.0,0.0
장건강에 이롭 100억 유산균,0,0.0,0.0,0.0,0.0,0.0,0.0,0.0,0.0,0.0,0.0,0.0,0.0,0.0,0.0,8.5,0.0,55.0,0,0.0,0.0,0,0.0,0,10000000000,0.0,0.0,0.0,0.0
장건강프리미엄유산균,0,0.0,0.0,0.0,0.0,0.0,0.0,0.0,0.0,0.0,0.0,0.0,0.0,0.0,0.0,2.55,0.0,0.0,0,0.0,0.0,0,0.0,0,100000000,0.0,0.0,0.0,0.0
장박사다이어트,0,0.0,0.0,0.0,0.0,0.0,0.0,0.0,0.0,0.0,0.0,0.0,0.0,0.0,0.0,0.0,0.0,0.0,0,0.0,0.0,0,9.12,0,0,0.0,0.0,0.0,0.0
장수 6년근 홍삼정 진액스틱,0,0.0,0.0,0.0,0.0,0.0,0.0,0.0,0.0,0.0,0.0,0.0,0.0,0.0,0.0,0.0,0.0,0.0,0,0.0,0.0,0,0.0,0,0,7.0,0.0,0.0,0.0
장에 좋은 프로바이오틱스,0,0.0,0.0,0.0,0.0,0.0,0.0,0.0,0.0,0.0,0.0,0.0,0.0,0.0,0.0,5.0,0.0,55.0,0,0.0,0.0,0,0.0,0,100000000,0.0,0.0,0.0,0.0
장에좋은유산균골드,0,0.0,0.0,0.0,0.0,0.0,0.0,0.0,0.0,0.0,0.0,0.0,0.0,0.0,0.0,8.5,0.0,0.0,0,0.0,0.0,0,0.0,0,200000000,0.0,0.0,0.0,0.0
장온,0,0.0,0.0,0.0,0.0,0.0,0.0,0.0,0.0,0.0,0.0,0.0,0.0,0.0,0.0,0.0,0.0,0.0,0,0.0,0.0,0,0.0,0,100000000,0.0,0.0,0.0,0.0
장을 위한 장건강 프로바이오틱스,0,0.0,0.0,0.0,0.0,0.0,0.0,0.0,0.0,0.0,0.0,0.0,0.0,0.0,0.0,0.0,0.0,0.0,0,0.0,0.0,0,0.0,0,100000000,0.0,0.0,0.0,0.0
장인6년근 고려홍삼정 프리미엄 진액 스틱,0,0.0,0.0,0.0,0.0,0.0,0.0,0.0,0.0,0.0,0.0,0.0,0.0,0.0,0.0,0.0,0.0,0.0,0,0.0,0.0,0,0.0,0,0,33.0,0.0,0.0,0.0
저온초임계 루테인아스타잔틴,0,10.0,0.0,0.0,0.0,1.4,0.0,0.0,0.0,0.0,0.0,0.0,0.0,0.0,0.0,8.5,0.0,55.0,0,0.0,0.0,0,0.0,0,0,0.0,20.0,0.0,700.0
전립선건강,0,0.0,0.0,0.0,0.0,1.8,0.0,0.0,0.0,0.0,0.0,0.0,0.0,0.0,0.0,4.9,0.0,0.0,0,0.0,0.0,0,0.0,0,0,0.0,0.0,0.0,0.0
전립통평,0,0.0,0.0,0.0,0.36,30.0,5.0,1.0,150.0,1.0,0.0,0.0,0.0,0.0,0.0,18.0,0.0,0.0,0,0.0,0.0,0,0.0,0,0,0.0,0.0,0.0,0.0
전홍삼키즈젤리,0,0.0,0.0,0.0,0.0,0.0,0.0,0.0,0.0,0.0,0.0,0.0,0.0,0.0,0.0,0.0,0.0,0.0,0,0.0,0.0,0,0.0,0,0,3.0,0.0,0.0,0.0
정관장 홍삼활력플러스,0,0.0,0.0,0.0,0.0,0.0,0.0,0.0,0.0,0.0,0.0,0.0,0.0,0.0,0.0,0.0,0.0,0.0,0,0.0,0.0,0,0.0,0,0,3.6,0.0,0.0,0.0
제노스퍼,0,10.0,0.0,0.0,0.0,0.0,0.0,30.0,400.0,2.4,0.0,200.0,0.0,0.0,0.0,25.5,0.0,66.0,0,0.0,0.0,0,0.0,0,0,0.0,0.0,0.0,0.0
제트아연프로,0,0.0,0.0,0.0,0.0,0.0,0.0,0.0,0.0,0.0,0.0,0.0,0.0,0.0,0.0,30.0,0.0,0.0,0,0.0,0.0,0,0.0,0,0,0.0,0.0,0.0,0.0
제트칼슘프로,0,9.0,0.0,0.0,0.0,0.0,0.0,0.0,0.0,0.0,0.0,0.0,700.0,150.0,0.0,0.0,0.0,0.0,0,0.0,0.0,0,0.0,0,0,0.0,0.0,0.0,0.0
젠히알루론,0,0.0,0.0,0.0,0.0,0.0,0.0,0.0,0.0,0.0,0.0,60.0,0.0,0.0,0.0,0.0,0.0,0.0,0,0.0,0.0,0,0.0,0,0,0.0,0.0,0.0,0.0
조아바이톤-에이(A),0,0.0,0.0,0.0,0.0,0.0,0.0,0.0,0.0,0.0,0.0,0.0,0.0,0.0,0.0,0.0,0.0,0.0,0,0.0,0.0,0,0.0,0,0,3.5,0.0,0.0,0.0
조아바이톤,0,0.0,0.0,0.0,0.0,0.0,0.0,0.0,0.0,0.0,0.0,0.0,0.0,0.0,0.0,0.0,0.0,0.0,0,0.0,0.0,0,0.0,0,0,3.5,0.0,0.0,0.0
조아제약 스트레스엔테아닌,0,0.0,0.0,0.0,0.0,0.0,0.0,1.5,0.0,0.0,0.0,100.0,0.0,100.0,0.0,8.5,0.0,0.0,0,0.0,0.0,0,0.0,0,0,0.0,0.0,0.0,0.0
조인트케어골드,0,10.0,0.0,0.0,0.0,0.0,0.0,0.0,0.0,0.0,0.0,0.0,0.0,0.0,0.0,0.0,0.0,0.0,0,0.9,0.0,0,0.0,0,0,0.0,0.0,0.0,0.0
종합비타민 멀티미네랄15,0,10.0,11.0,0.0,1.2,1.4,15.0,1.5,400.0,2.4,30.0,100.0,0.0,0.0,0.0,8.5,0.0,55.0,0,3.0,0.0,0,0.0,0,0,0.0,0.0,0.0,700.0
종합비타민,0,10.0,3.3,0.0,2.4,2.8,30.0,3.0,400.0,4.8,60.0,100.0,0.0,0.0,0.0,8.5,0.0,55.0,0,3.0,0.0,0,0.0,0,0,0.0,0.0,0.0,700.0
종합비타민미네랄15,0,10.0,7.7,0.0,1.2,1.4,10.5,1.5,280.0,2.4,21.0,100.0,0.0,0.0,0.0,5.95,0.0,38.5,0,2.1,0.0,0,0.0,0,0,0.0,0.0,0.0,490.0
진 하루홍삼스틱,0,0.0,0.0,0.0,0.0,0.0,0.0,0.0,0.0,0.0,0.0,0.0,0.0,0.0,0.0,0.0,0.0,0.0,0,0.0,0.0,0,0.0,0,0,5.0,0.0,0.0,0.0
진생사이언스인삼농축액분말,0,0.0,0.0,0.0,0.0,0.0,0.0,0.0,0.0,0.0,0.0,0.0,0.0,0.0,0.0,0.0,0.0,0.0,0,0.0,0.0,0,0.0,0,0,12.0,0.0,0.0,0.0
진웰스 홍삼농축액20+,0,0.0,0.0,0.0,0.0,0.0,0.0,0.0,0.0,0.0,0.0,0.0,0.0,0.0,0.0,0.0,0.0,0.0,0,0.0,0.0,0,0.0,0,0,20.0,0.0,0.0,0.0
징크비타B12,0,0.0,0.0,0.0,0.0,0.0,0.0,0.0,0.0,1000.0,0.0,0.0,0.0,0.0,0.0,32.0,0.0,0.0,0,0.0,0.0,0,0.0,0,0,0.0,0.0,0.0,0.0
채움 콜라겐,0,0.0,0.0,0.0,0.0,0.0,0.0,0.0,0.0,0.0,1200.0,0.0,0.0,0.0,0.0,0.0,0.0,16.5,0,0.0,0.0,0,0.0,0,0,0.0,0.0,0.0,0.0
천비홍삼농축액골드,0,0.0,0.0,0.0,0.0,0.0,0.0,0.0,0.0,0.0,0.0,0.0,0.0,0.0,0.0,0.0,0.0,0.0,0,0.0,0.0,0,0.0,0,0,5.1,0.0,0.0,0.0
천심본 홍삼백가,0,0.0,0.0,0.0,0.0,0.0,0.0,0.0,0.0,0.0,0.0,0.0,0.0,0.0,0.0,0.0,0.0,0.0,0,0.0,0.0,0,0.0,0,0,46.0,0.0,0.0,0.0
천심본 홍삼보감,0,0.0,0.0,0.0,0.0,0.0,0.0,0.0,0.0,0.0,0.0,0.0,0.0,0.0,0.0,0.0,0.0,0.0,0,0.0,0.0,0,0.0,0,0,10.0,0.0,0.0,0.0
철맥,0,0.0,0.0,0.0,0.0,0.0,0.0,0.0,0.0,0.0,0.0,0.0,0.0,0.0,8.0,0.0,0.0,0.0,0,0.0,0.0,0,0.0,0,0,0.0,0.0,0.0,0.0
철분 플러스 엽산 비타민D,0,5.0,0.0,0.0,0.0,0.0,0.0,0.0,400.0,2.4,0.0,0.0,0.0,0.0,12.0,0.0,0.0,0.0,0,0.0,0.0,0,0.0,0,0,0.0,0.0,0.0,0.0
철분,0,0.0,0.0,0.0,0.0,0.0,0.0,0.0,0.0,0.0,0.0,0.0,0.0,0.0,25.0,0.0,0.0,0.0,0,0.0,0.0,0,0.0,0,0,0.0,0.0,0.0,0.0
체지방다이어트 포스트바이오틱스,0,0.0,0.0,0.0,0.0,0.0,0.0,0.0,0.0,0.0,0.0,0.0,0.0,0.0,0.0,8.5,0.0,0.0,0,0.0,0.0,0,0.0,0,100000000,0.0,0.0,0.0,0.0
초임계 쏘팔메토115 옥타코사놀,0,0.0,0.0,0.0,1.2,1.4,0.0,1.5,0.0,0.0,0.0,0.0,0.0,0.0,0.0,8.5,0.0,55.0,0,0.0,0.0,0,0.0,0,0,0.0,0.0,0.0,0.0
초임계 알티지 오메가3,0,10.0,11.0,0.0,0.0,0.0,0.0,0.0,0.0,0.0,0.0,0.0,0.0,0.0,0.0,0.0,0.0,0.0,0,0.0,0.0,0,0.0,0,0,0.0,0.0,604.0,0.0
초임계 알티지오메가3 루테인지아잔틴,0,0.0,3.3,0.0,1.2,1.4,0.0,0.0,0.0,0.0,0.0,0.0,0.0,0.0,0.0,2.55,0.0,16.5,0,0.0,0.0,0,0.0,0,0,0.0,18.18,600.0,0.0
츄어블 멀티비타민 포 패밀리 프리미엄,0,10.0,11.0,0.0,1.2,1.4,15.0,1.5,0.0,2.4,0.0,100.0,0.0,0.0,12.0,8.5,0.0,55.0,0,3.0,0.0,0,0.0,0,0,0.0,0.0,0.0,700.0
츄어블멀티비타민,0,0.5,0.0,0.0,0.51,0.51,0.0,0.0,0.0,0.27,0.0,0.0,0.0,0.0,0.0,0.0,0.0,0.0,0,0.0,0.0,0,0.0,0,0,0.0,0.0,0.0,188.5
츄어블멀티비타민미네랄,0,5.0,5.5,35.0,1.2,1.4,4.5,1.5,200.0,2.4,15.0,50.0,0.0,0.0,4.8,4.25,0.0,0.0,0,1.5,0.0,0,0.0,0,0,0.0,0.0,0.0,350.0
츄어블비타민C,0,0.0,0.0,0.0,0.0,0.0,0.0,0.0,0.0,0.0,0.0,70.0,0.0,0.0,0.0,0.0,0.0,0.0,0,0.0,0.0,0,0.0,0,0,0.0,0.0,0.0,0.0
츄어블유청칼슘,0,0.0,0.0,0.0,0.0,0.0,0.0,0.0,0.0,0.0,0.0,0.0,0.0,0.0,142.0,0.0,0.0,0.0,0,0.0,0.0,0,0.0,0,0,0.0,0.0,0.0,0.0
츄어블해조칼슘,0,0.0,0.0,0.0,0.0,0.0,0.0,0.0,0.0,0.0,0.0,0.0,220.0,0.0,0.0,0.0,0.0,0.0,0,0.0,0.0,0,0.0,0,0,0.0,0.0,0.0,0.0
카마디 엑스투,0,10.0,0.0,35.0,0.0,0.0,0.0,0.0,0.0,0.0,0.0,0.0,300.0,150.0,0.0,0.0,0.0,0.0,0,1.5,0.0,0,0.0,0,0,0.0,0.0,0.0,0.0
카페빼네 커피믹스맛,0,0.0,0.0,0.0,3.3,0.0,0.0,0.0,0.0,0.0,0.0,0.0,0.0,0.0,0.0,0.0,0.0,0.0,0,0.0,0.0,0,0.0,0,0,0.0,0.0,0.0,0.0
칸휴 밀크씨슬,0,0.0,4.0,0.0,1.2,1.4,0.0,1.5,0.0,0.0,0.0,0.0,0.0,0.0,0.0,0.0,0.0,0.0,0,0.0,0.0,0,0.0,0,0,0.0,0.0,0.0,0.0
칼슈모어 칼슘보충용,0,5.0,0.0,0.0,0.0,0.0,0.0,0.0,0.0,0.0,0.0,0.0,312.0,0.0,0.0,0.0,0.0,0.0,0,0.0,0.0,0,0.0,0,0,0.0,0.0,0.0,0.0
칼슘 · 마그네슘 · 비타민D · 아연,0,3.0,0.0,0.0,0.0,0.0,0.0,0.0,0.0,0.0,0.0,0.0,210.0,100.0,0.0,3.0,0.0,0.0,0,0.0,0.0,0,0.0,0,0,0.0,0.0,0.0,0.0
칼슘 마그네슘 비타민D,0,25.0,0.0,0.0,0.0,0.0,0.0,0.0,0.0,0.0,0.0,0.0,500.0,500.0,0.0,0.0,0.0,0.0,0,0.0,0.0,0,0.0,0,0,0.0,0.0,0.0,0.0
칼슘 마그네슘 아연 비타민D,0,10.0,0.0,0.0,0.0,0.0,0.0,0.0,0.0,0.0,0.0,0.0,300.0,150.0,0.0,6.0,0.0,0.0,0,0.0,0.0,0,0.0,0,0,0.0,0.0,0.0,0.0
칼슘 츄어블,0,10.0,0.0,0.0,0.0,0.0,0.0,0.0,0.0,0.0,0.0,0.0,210.0,0.0,0.0,4.0,0.0,0.0,0,2.0,0.0,0,0.0,0,0,0.0,0.0,0.0,0.0
칼슘 플러스,0,100.0,0.0,0.0,0.0,0.0,0.0,0.0,0.0,0.0,0.0,0.0,210.0,155.0,0.0,18.0,0.0,0.0,0,2.5,0.0,0,0.0,0,0,0.0,0.0,0.0,0.0
칼슘마그네슘비타민D,0,0.0,0.0,0.0,0.0,0.0,0.0,0.0,0.0,0.0,0.0,0.0,300.0,150.0,0.0,8.5,0.0,0.0,0,0.0,0.0,0,0.0,0,0,0.0,0.0,0.0,0.0
"칼슘마그네슘아연+비타민C,D",0,8.5,0.0,0.0,0.0,0.0,0.0,0.0,0.0,0.0,0.0,306.0,605.0,216.0,0.0,10.0,0.0,0.0,0,0.0,0.0,0,0.0,0,0,0.0,0.0,0.0,0.0
칼슘마그네슘아연비타민D 맥스,0,10.0,0.0,0.0,0.0,0.0,0.0,0.0,0.0,0.0,0.0,0.0,300.0,150.0,0.0,8.5,0.0,0.0,0,0.0,0.0,0,0.0,0,0,0.0,0.0,0.0,0.0
칼슘마그네슘아연비타민D,0,10.0,0.0,0.0,0.0,0.0,0.0,0.0,0.0,0.0,0.0,0.0,300.0,150.0,0.0,6.0,0.0,0.0,0,0.0,0.0,0,0.0,0,0,0.0,0.0,0.0,0.0
칼슘마그네슘아연앤비타민D,0,10.0,0.0,0.0,0.0,0.0,0.0,0.0,0.0,0.0,0.0,0.0,300.0,150.0,0.0,8.5,0.0,0.0,0,0.0,0.0,0,0.0,0,0,0.0,0.0,0.0,0.0
컷아웃 가르시니아,0,10.0,0.0,0.0,2.4,2.8,0.0,3.0,0.0,0.0,0.0,50.0,0.0,0.0,6.0,8.5,0.0,55.0,0,0.0,0.0,0,0.0,0,0,0.0,0.0,0.0,700.0
코건강,0,0.0,0.0,0.0,0.0,0.0,0.0,0.0,0.0,0.0,0.0,0.0,0.0,0.0,0.0,2.55,0.0,0.0,0,0.0,0.0,0,0.0,0,0,0.0,0.0,0.0,0.0
코박사,0,10.0,0.0,0.0,0.0,0.0,0.0,0.0,0.0,0.0,0.0,0.0,0.0,0.0,0.0,2.55,0.0,0.0,0,0.0,0.0,0,0.0,0,0,0.0,0.0,0.0,0.0
코어 알티지 오메가3 루테인,0,10.0,11.0,0.0,0.0,0.0,0.0,0.0,0.0,0.0,0.0,0.0,0.0,0.0,0.0,0.0,0.0,0.0,0,0.0,0.0,0,0.0,0,0,0.0,20.0,610.0,700.0
코어업,0,0.0,3.3,0.0,2.0,2.0,20.0,2.0,0.0,0.0,10.0,30.0,0.0,0.0,0.0,11.0,0.0,0.0,0,0.0,0.0,0,0.0,0,0,0.0,0.0,0.0,0.0
코엔자임 볼란테,0,0.0,5.5,0.0,0.0,0.0,0.0,0.0,0.0,0.0,0.0,30.0,0.0,0.0,0.0,0.0,0.0,27.5,0,0.0,0.0,0,0.0,0,0,0.0,0.0,0.0,350.0
코엔자임Q10,0,0.0,11.0,0.0,0.0,0.0,0.0,0.0,0.0,0.0,0.0,0.0,0.0,0.0,0.0,0.0,0.0,55.0,0,0.0,0.0,0,0.0,0,0,0.0,0.0,0.0,0.0
코엔자임Q10항산화플러스,0,0.0,5.5,0.0,0.6,0.7,0.0,0.75,0.0,0.0,0.0,0.0,0.0,0.0,0.0,0.0,0.0,27.5,0,0.0,0.0,0,0.0,0,0,0.0,0.0,0.0,350.0
코큐텐11,0,0.0,0.0,0.0,0.6,0.7,7.5,0.75,200.0,0.0,15.0,0.0,0.0,0.0,0.0,4.25,0.0,27.5,0,0.0,0.0,0,0.0,0,0,0.0,0.0,0.0,0.0
콘탑캅셀식이섬유,0,0.0,0.0,0.0,0.0,0.0,0.0,0.0,0.0,0.0,0.0,0.0,0.0,0.0,0.0,0.0,0.0,0.0,0,0.0,0.0,0,5.76,0,0,0.0,0.0,0.0,0.0
쾌변 365 다이어트핏,0,0.0,0.0,0.0,0.0,0.0,0.0,0.0,0.0,0.0,0.0,0.0,0.0,0.0,0.0,0.0,0.0,0.0,0,0.0,0.0,0,5.5,0,0,0.0,0.0,0.0,0.0
키드큐 츄어블 칼슘디,0,10.0,0.0,0.0,0.0,0.0,0.0,0.0,0.0,0.0,0.0,0.0,210.0,0.0,0.0,3.0,0.0,0.0,0,0.0,0.0,0,0.0,0,0,0.0,0.0,0.0,0.0
키드플러스 칼슘비타민,0,0.0,0.0,0.0,0.75,0.0,0.0,0.0,0.0,0.0,0.0,75.0,250.0,0.0,0.0,0.0,0.0,0.0,0,0.0,0.0,0,0.0,0,0,0.0,0.0,0.0,0.0
"키즈 아연 + 비타민C, D, E",0,10.0,10.0,0.0,0.0,0.0,0.0,0.0,0.0,0.0,0.0,100.0,0.0,0.0,0.0,5.0,0.0,0.0,0,0.0,0.0,0,0.0,0,0,0.0,0.0,0.0,0.0
키즈비타민,0,0.0,0.0,0.0,0.0,0.48,0.0,0.0,0.0,0.0,0.0,100.0,0.0,0.0,0.0,3.6,0.0,0.0,0,0.0,0.0,0,0.0,0,0,0.0,0.0,0.0,0.0
"키즈비타민C+아연, B2",0,0.0,0.0,0.0,0.0,0.48,0.0,0.0,0.0,0.0,0.0,150.0,0.0,0.0,0.0,3.6,0.0,0.0,0,0.0,0.0,0,0.0,0,0,0.0,0.0,0.0,0.0
"키즈아연 + 비타민C,E",0,0.0,10.0,0.0,0.0,0.0,0.0,0.0,0.0,0.0,0.0,100.0,0.0,0.0,0.0,5.0,0.0,0.0,0,0.0,0.0,0,0.0,0,0,0.0,0.0,0.0,0.0
키즈아연+종합비타민,0,0.0,10.0,0.0,0.9,1.2,0.0,0.0,0.0,0.0,20.0,200.0,0.0,0.0,0.0,8.0,0.0,0.0,0,0.0,0.0,0,0.0,0,0,0.0,0.0,0.0,600.0
키즈튼튼루테인,0,0.0,0.0,0.0,0.0,0.0,0.0,0.0,0.0,0.0,0.0,100.0,0.0,0.0,0.0,0.0,0.0,0.0,0,0.0,0.0,0,0.0,0,0,0.0,10.0,0.0,0.0
키즈홍삼,0,0.0,0.0,0.0,0.0,0.0,0.0,0.0,0.0,0.0,0.0,0.0,0.0,0.0,0.0,0.0,0.0,0.0,0,0.0,0.0,0,0.0,0,0,6.0,0.0,0.0,0.0
킹맨,0,0.0,0.0,0.0,1.2,1.4,15.0,1.5,400.0,0.0,0.0,0.0,0.0,0.0,0.0,8.5,0.0,0.0,0,0.0,0.0,0,0.0,0,0,0.0,0.0,0.0,0.0
탄수화물컷팅제 비밀이야 가르시니아 보조제,0,0.0,11.0,0.0,1.2,1.4,15.0,1.5,0.0,0.0,0.0,100.0,0.0,0.0,0.0,8.5,0.0,55.0,0,0.0,0.0,0,0.0,0,0,0.0,0.0,0.0,0.0
탐나는 간건강,0,0.0,0.0,0.0,1.2,1.4,0.0,0.0,0.0,2.4,30.0,0.0,0.0,0.0,0.0,8.5,0.0,0.0,0,0.0,0.0,0,0.0,0,0,0.0,0.0,0.0,0.0
탐나는 쏘팔메토,0,0.0,0.0,0.0,1.2,1.4,0.0,1.5,0.0,0.0,0.0,0.0,0.0,0.0,0.0,8.5,0.0,55.0,0,0.0,0.0,0,0.0,0,0,0.0,0.0,0.0,0.0
태극유산균,0,0.0,0.0,0.0,0.0,0.0,0.0,0.0,0.0,0.0,0.0,0.0,0.0,0.0,0.0,0.0,0.0,0.0,0,0.0,0.0,0,0.0,0,100000000,3.0,0.0,0.0,0.0
톡톡C,0,0.0,0.0,0.0,0.38,0.45,4.8,0.48,0.0,0.0,0.0,32.0,0.0,0.0,0.0,2.7,0.0,0.0,0,0.0,0.0,0,0.0,0,0,0.0,0.0,0.0,224.0
트리플리나,0,3.0,0.0,0.0,0.0,0.0,0.0,0.0,0.0,0.0,0.0,0.0,0.0,0.0,0.0,8.5,0.0,0.0,0,0.0,0.0,0,0.0,0,0,0.0,0.0,0.0,0.0
트리플액션,0,10.0,0.0,0.0,0.0,0.0,0.0,0.0,0.0,0.0,0.0,0.0,210.0,0.0,0.0,8.5,0.0,55.0,0,0.0,0.0,0,0.0,0,0,0.0,0.0,0.0,0.0
튼튼홍삼,0,0.0,0.0,0.0,0.0,0.0,0.0,0.0,0.0,0.0,0.0,0.0,0.0,0.0,0.0,0.0,0.0,0.0,0,0.0,0.0,0,0.0,0,0,3.6,0.0,0.0,0.0
티베이직플러스,0,50.0,20.0,0.0,0.0,0.0,0.0,0.0,0.0,0.0,0.0,0.0,0.0,100.0,0.0,12.0,0.0,200.0,0,0.0,0.0,0,0.0,0,0,0.0,0.0,1000.0,700.0
티이아이-프로바이오틱스(분말),0,0.0,0.0,0.0,0.0,0.0,0.0,0.0,0.0,0.0,0.0,0.0,0.0,0.0,0.0,0.0,0.0,0.0,0,0.0,0.0,0,0.0,0,500000000,0.0,0.0,0.0,0.0
파워 간건강 밀크씨슬,0,0.0,0.0,0.0,1.2,1.4,15.0,1.5,400.0,0.0,0.0,0.0,0.0,0.0,0.0,8.5,0.0,0.0,0,0.0,0.0,0,0.0,0,0,0.0,0.0,0.0,0.0
팜엔탑 리얼 어골칼슘 비타민D 폴리감마글루탐산,0,10.0,0.0,70.0,0.0,0.0,0.0,0.0,0.0,0.0,0.0,0.0,300.0,0.0,0.0,0.0,0.0,0.0,0,3.0,0.0,0,0.0,0,0,0.0,0.0,0.0,0.0
팽화홍삼농축액,0,0.0,0.0,0.0,0.0,0.0,0.0,0.0,0.0,0.0,0.0,0.0,0.0,0.0,0.0,0.0,0.0,0.0,0,0.0,0.0,0,0.0,0,0,8.0,0.0,0.0,0.0
퍼펙트 프로바이오틱스,0,0.0,0.0,0.0,0.0,0.0,0.0,0.0,400.0,0.0,0.0,0.0,0.0,0.0,0.0,0.0,0.0,0.0,0,0.0,0.0,0,0.0,0,2000000000,0.0,0.0,0.0,0.0
포베라 아이맘 프로바이오틱스 베이비,0,5.0,0.0,0.0,0.0,0.0,0.0,0.0,0.0,0.0,0.0,0.0,0.0,0.0,0.0,0.0,0.0,0.0,0,0.0,0.0,0,0.0,0,300000000,0.0,0.0,0.0,0.0
포유락 생 유산균,0,0.0,0.0,0.0,0.0,0.0,0.0,0.0,0.0,0.0,0.0,0.0,0.0,0.0,0.0,0.0,0.0,0.0,0,0.0,0.0,0,0.0,0,100000000,0.0,0.0,0.0,0.0
퓨어 비타 C 2000,0,0.0,0.0,0.0,0.0,0.0,0.0,0.0,0.0,0.0,0.0,2000.0,0.0,0.0,0.0,0.0,0.0,0.0,0,0.0,0.0,0,0.0,0,0,0.0,0.0,0.0,0.0
퓨어비타민C,0,0.0,0.0,0.0,0.0,0.0,0.0,0.0,0.0,0.0,0.0,1000.0,0.0,0.0,0.0,0.0,0.0,0.0,0,0.0,0.0,0,0.0,0,0,0.0,0.0,0.0,0.0
프라임 아연,0,0.0,0.0,0.0,0.0,0.0,0.0,0.0,0.0,0.0,0.0,0.0,0.0,0.0,0.0,17.0,0.0,0.0,0,0.0,0.0,0,0.0,0,0,0.0,0.0,0.0,0.0
프라임 철분,0,0.0,0.0,0.0,0.0,0.0,0.0,0.0,0.0,0.0,0.0,0.0,0.0,0.0,20.0,0.0,0.0,0.0,0,0.0,0.0,0,0.0,0,0,0.0,0.0,0.0,0.0
프라임 프로폴리스 플러스,0,5.0,11.0,0.0,0.0,1.4,0.0,0.0,0.0,0.0,0.0,0.0,0.0,0.0,0.0,8.5,0.0,0.0,0,0.0,0.0,0,0.0,0,0,0.0,0.0,0.0,700.0
프로-인파,0,0.0,0.0,0.0,0.0,0.0,0.0,0.0,0.0,0.0,0.0,0.0,0.0,0.0,0.0,0.0,0.0,0.0,0,0.0,0.0,0,8000.0,0,0,0.0,0.0,0.0,0.0
프로바이오베베,0,0.0,0.0,0.0,0.0,0.0,0.0,0.0,0.0,0.0,0.0,0.0,0.0,0.0,0.0,3.0,0.0,0.0,0,0.0,0.0,0,0.0,0,6000000000,0.0,0.0,0.0,0.0
프로바이오썬,0,5.0,0.0,0.0,0.0,0.0,0.0,0.0,0.0,0.0,0.0,0.0,0.0,0.0,0.0,0.0,0.0,0.0,0,0.0,0.0,0,0.0,0,6000000000,0.0,0.0,0.0,0.0
프로바이오에프,0,0.0,0.0,0.0,0.0,0.0,0.0,0.0,0.0,0.0,0.0,0.0,0.0,0.0,6.0,0.0,0.0,0.0,0,0.0,0.0,0,0.0,0,6000000000,0.0,0.0,0.0,0.0
프로바이오틱스 골드 플러스,0,0.0,0.0,0.0,0.0,0.0,0.0,0.0,0.0,0.0,0.0,0.0,0.0,0.0,0.0,8.5,0.0,0.0,0,0.0,0.0,0,0.0,0,200000000,0.0,0.0,0.0,0.0
프로바이오틱스,0,0.0,0.0,0.0,0.0,0.0,0.0,0.0,0.0,0.0,0.0,0.0,0.0,0.0,0.0,0.0,0.0,0.0,0,0.0,0.0,0,0.0,0,100000000,3.0,0.0,0.0,0.0
프로바이오틱스닥터,0,0.0,0.0,0.0,0.0,0.0,0.0,0.0,0.0,0.0,0.0,0.0,0.0,0.0,0.0,0.0,0.0,0.0,0,0.0,0.0,0,0.0,0,1000000000,0.0,0.0,0.0,0.0
프로이바이오틱스,0,0.0,0.0,0.0,0.0,0.0,0.0,0.0,0.0,0.0,0.0,0.0,0.0,0.0,0.0,0.0,0.0,0.0,0,0.0,0.0,0,0.0,0,300000000,0.0,0.0,0.0,0.0
프로젝트 혈행케어 알티지오메가3,0,0.0,3.3,0.0,0.0,0.0,0.0,0.0,0.0,0.0,0.0,0.0,0.0,0.0,0.0,0.0,0.0,0.0,0,0.0,0.0,0,0.0,0,0,0.0,0.0,600.0,0.0
프로틴 밸런스 &바디,0,10.0,0.0,0.0,0.0,0.0,4.5,0.0,0.0,0.0,0.0,0.0,210.0,0.0,0.0,4.0,0.0,0.0,0,0.0,0.0,0,4.2,0,0,0.0,0.0,0.0,0.0
프로틴 밸런스,0,10.0,0.0,0.0,0.0,0.0,0.0,3.0,0.0,0.0,0.0,0.0,300.0,150.0,0.0,9.0,0.0,0.0,0,0.0,0.0,0,0.0,0,0,0.0,0.0,0.0,0.0
프로틴밸런스 주니어 밀크맛,0,10.0,0.0,0.0,0.36,0.0,0.0,0.45,0.0,0.0,0.0,0.0,300.0,0.0,4.2,5.0,0.0,0.0,0,0.0,0.0,0,0.0,0,0,0.0,0.0,0.0,0.0
프로폴리스 아연 비타민D,0,10.0,0.0,0.0,0.0,1.4,0.0,0.0,0.0,0.0,0.0,0.0,0.0,0.0,0.0,8.5,0.0,0.0,0,0.0,0.0,0,0.0,0,0,0.0,0.0,0.0,0.0
프로폴리스 칸,0,0.0,0.0,0.0,0.0,0.0,0.0,0.0,0.0,0.0,0.0,0.0,0.0,0.0,0.0,11.2,0.0,0.0,0,0.0,0.0,0,0.0,0,0,0.0,0.0,0.0,0.0
프로폴리스 항산화 플러스,0,0.0,11.0,0.0,0.0,1.4,0.0,0.0,0.0,0.0,0.0,0.0,0.0,0.0,0.0,8.5,0.0,0.0,0,0.0,0.0,0,0.0,0,0,0.0,0.0,0.0,700.0
프로폴리스17,0,10.0,0.0,0.0,0.0,1.4,0.0,0.0,0.0,0.0,0.0,0.0,0.0,0.0,0.0,8.5,0.0,0.0,0,0.0,0.0,0,0.0,0,0,0.0,0.0,0.0,0.0
프로폴리스아연,0,0.0,0.0,0.0,0.0,0.0,0.0,0.0,0.0,0.0,0.0,0.0,0.0,0.0,0.0,6.0,0.0,0.0,0,0.0,0.0,0,0.0,0,0,0.0,0.0,0.0,0.0
프리미엄 간건강 밀크씨슬,0,0.0,0.0,0.0,0.0,1.4,7.5,1.5,200.0,0.0,0.0,0.0,0.0,0.0,0.0,4.25,0.0,27.5,0,0.0,0.0,0,0.0,0,0,0.0,0.0,0.0,0.0
프리미엄 루테인 플러스 12,0,0.0,11.1,0.0,0.0,1.29,13.52,1.58,400.0,2.93,0.0,0.0,0.0,0.0,0.0,12.8,0.8,18.0,0,2.21,0.0,0,0.0,0,0,0.0,20.0,0.0,750.0
프리미엄 리얼메디 차전자피 식이섬유 쾌변 마스터,0,0.0,0.0,0.0,0.0,0.0,0.0,0.0,0.0,0.0,0.0,0.0,0.0,0.0,0.0,0.0,0.0,0.0,0,0.0,0.0,0,8300.0,0,0,0.0,0.0,0.0,0.0
프리미엄 멀티비타민&미네랄,0,5.0,11.0,70.0,1.2,1.4,15.0,1.5,400.0,2.4,100.0,100.0,0.0,94.5,0.0,8.5,0.0,55.0,150,3.0,0.0,0,0.0,0,0,0.0,0.0,0.0,700.0
프리미엄 멀티비타민,0,3.0,0.0,0.0,0.44,0.0,0.0,0.0,0.0,0.0,0.0,40.0,0.0,0.0,0.0,0.0,0.0,0.0,0,0.0,0.0,0,0.0,0,0,0.0,0.0,0.0,0.0
프리미엄 비타민D 2000IU,0,50.0,0.0,0.0,0.0,0.0,0.0,0.0,0.0,0.0,0.0,0.0,0.0,0.0,0.0,0.0,0.0,0.0,0,0.0,0.0,0,0.0,0,0,0.0,0.0,0.0,0.0
프리미엄 쏘팔코펜 옥타코사놀,0,0.0,11.0,0.0,0.0,1.4,0.0,0.0,0.0,0.0,0.0,0.0,210.0,0.0,0.0,8.5,0.0,0.0,0,0.0,0.0,0,0.0,0,0,0.0,0.0,0.0,700.0
프리미엄 쏘팔코펜,0,0.0,0.0,0.0,0.0,0.0,0.0,0.0,0.0,0.0,0.0,0.0,0.0,0.0,0.0,8.5,0.0,0.0,0,0.0,0.0,0,0.0,0,0,0.0,0.0,0.0,0.0
프리미엄 칼슘 마그네슘 아연 비타민D,0,10.0,0.0,0.0,0.0,0.0,0.0,0.0,0.0,0.0,0.0,0.0,300.0,150.0,0.0,6.0,0.0,0.0,0,0.0,0.0,0,0.0,0,0,0.0,0.0,0.0,0.0
프리미엄 코어 프로바이오틱스,0,0.0,0.0,0.0,0.0,0.0,0.0,0.0,0.0,0.0,0.0,0.0,0.0,0.0,0.0,0.0,0.0,0.0,0,0.0,0.0,0,0.0,0,100000000,0.0,0.0,0.0,0.0
프리미엄 키즈 츄어블 칼슘 마그네슘 비타민D,0,10.0,0.0,0.0,0.0,0.0,0.0,0.0,0.0,0.0,0.0,0.0,210.0,105.0,0.0,0.0,0.0,0.0,0,0.0,0.0,0,0.0,0,0,0.0,0.0,0.0,0.0
프리미엄 프로바이오틱스,0,10.0,0.0,0.0,0.0,0.0,0.0,0.0,0.0,0.0,0.0,0.0,0.0,0.0,0.0,4.25,0.0,0.0,0,0.0,0.0,0,0.0,0,5000000000,0.0,0.0,0.0,0.0
프리미엄생유산균락토G,0,0.0,0.0,0.0,0.0,0.0,0.0,0.0,0.0,0.0,0.0,0.0,0.0,0.0,0.0,0.0,0.0,0.0,0,0.0,0.0,0,0.0,0,200000000,0.0,0.0,0.0,0.0
프리미엄츄어블유산균,0,0.0,0.0,0.0,0.0,0.0,0.0,0.0,0.0,0.0,0.0,0.0,0.0,0.0,0.0,0.0,0.0,0.0,0,0.0,0.0,0,0.0,0,100000000,0.0,0.0,0.0,0.0
프리바이오틱스 프락토올리고당,0,0.0,0.0,0.0,0.0,0.0,0.0,0.0,0.0,0.0,0.0,0.0,0.0,0.0,0.0,3.0,0.0,0.0,0,0.0,0.0,0,0.0,0,0,0.0,0.0,0.0,0.0
플래티늄 오메가3 골드,0,0.0,11.0,0.0,0.0,0.0,0.0,0.0,0.0,0.0,0.0,0.0,0.0,0.0,0.0,0.0,0.0,0.0,0,0.0,0.0,0,0.0,0,0,0.0,0.0,520.0,0.0
플러스코엔자임Q10,0,0.0,0.0,0.0,0.6,0.7,7.5,0.75,200.0,0.0,0.0,0.0,0.0,0.0,0.0,4.25,0.0,0.0,0,0.0,0.0,0,0.0,0,0,0.0,0.0,0.0,0.0
피로와 간에 좋은 홍경천+밀크씨슬 실리마린,0,30.0,0.0,0.0,36.0,42.0,45.0,45.0,800.0,24.0,90.0,100.0,0.0,0.0,0.0,0.0,0.0,0.0,0,0.0,0.0,0,0.0,0,0,0.0,0.0,0.0,0.0
피로한 간엔 밀크씨슬,0,0.0,0.0,0.0,1.2,1.4,15.0,1.5,0.0,0.0,0.0,0.0,0.0,0.0,0.0,0.0,0.0,0.0,0,0.0,0.0,0,0.0,0,0,0.0,0.0,0.0,0.0
피로한 눈엔 루테인 아스타잔틴,0,0.0,0.0,0.0,0.0,0.0,0.0,0.0,0.0,0.0,0.0,0.0,0.0,0.0,0.0,0.0,0.0,0.0,0,0.0,0.0,0,0.0,0,0,0.0,20.0,0.0,0.0
피엠시톨,0,10.0,0.0,0.0,1.2,1.4,15.0,1.5,400.0,2.4,0.0,100.0,0.0,0.0,0.0,8.5,0.0,0.0,0,0.0,0.0,0,0.0,0,0,0.0,0.0,0.0,0.0
핏앤핏 가르시니아,0,0.0,0.0,0.0,0.0,0.0,0.0,0.0,0.0,0.0,0.0,100.0,0.0,0.0,0.0,0.0,0.0,0.0,0,0.0,0.0,0,0.0,0,0,0.0,0.0,0.0,0.0
핏앤핏 카테킨,0,0.0,0.0,0.0,0.0,0.0,0.0,0.0,0.0,0.0,0.0,30.0,0.0,0.0,0.0,0.0,0.0,0.0,0,0.0,0.0,0,0.0,0,0,0.0,0.0,0.0,0.0
하루밸런스 어린콜라겐,0,0.0,0.0,0.0,0.0,0.0,0.0,0.0,0.0,0.0,30.0,0.0,0.0,0.0,0.0,0.0,0.0,0.0,0,0.0,0.0,0,0.0,0,0,0.0,0.0,0.0,0.0
하루비타씨,0,0.0,0.0,0.0,0.36,0.42,0.0,0.45,0.0,0.0,0.0,500.0,0.0,0.0,0.0,0.0,0.0,0.0,0,0.0,0.0,0,0.0,0,0,0.0,0.0,0.0,0.0
하루철분과비타민C,0,0.0,0.0,0.0,0.0,0.0,0.0,0.0,0.0,0.0,0.0,100.0,0.0,0.0,3.6,0.0,0.0,0.0,0,0.0,0.0,0,0.0,0,0,0.0,0.0,0.0,0.0
하루홍삼 벌꿀맛,0,0.0,0.0,0.0,0.0,0.0,0.0,0.0,0.0,0.0,0.0,0.0,0.0,0.0,0.0,0.0,0.0,0.0,0,0.0,0.0,0,0.0,0,0,3.0,0.0,0.0,0.0
하이락 맘,0,0.0,0.0,0.0,0.0,0.0,0.0,0.0,0.0,0.0,0.0,0.0,0.0,0.0,12.0,0.0,0.0,0.0,0,0.0,0.0,0,0.0,0,6000000000,0.0,0.0,0.0,0.0
하이키드 유산균 7,0,5.0,0.0,0.0,0.0,0.0,0.0,0.0,0.0,0.0,0.0,0.0,0.0,0.0,0.0,4.25,0.0,27.5,0,0.0,0.0,0,0.0,0,1000000000,0.0,0.0,0.0,0.0
하이화이버플러스,0,0.0,0.0,0.0,0.0,0.0,0.0,0.0,0.0,0.0,0.0,0.0,0.0,0.0,0.0,0.0,0.0,0.0,0,0.0,0.0,0,8.0,0,0,0.0,0.0,0.0,0.0
학표고려인삼차,0,0.0,0.0,0.0,0.0,0.0,0.0,0.0,0.0,0.0,0.0,0.0,250.0,0.0,0.0,0.0,0.0,0.0,0,0.0,0.0,0,0.0,0,0,7.5,0.0,0.0,0.0
한미 신바이오틱스 프리미엄,0,0.0,0.0,0.0,0.0,0.0,0.0,0.0,0.0,0.0,0.0,0.0,0.0,0.0,0.0,8.5,0.0,0.0,0,0.0,0.0,0,0.0,0,100000000,0.0,0.0,0.0,0.0
한미 신프리앤프로 바이오틱스,0,0.0,0.0,0.0,0.0,0.0,0.0,0.0,0.0,0.0,0.0,0.0,0.0,0.0,0.0,8.5,0.0,0.0,0,0.0,0.0,0,0.0,0,500000000,0.0,0.0,0.0,0.0
한미 위건강 헬리코박터케어,0,0.0,3.3,0.0,0.0,0.0,0.0,0.0,0.0,0.0,0.0,30.0,0.0,0.0,0.0,8.5,0.0,55.0,0,0.0,0.0,0,0.0,0,0,0.0,0.0,0.0,700.0
한미 프리바이오틱스 프락토올리고당 FOS,0,0.0,0.0,0.0,0.0,0.0,0.0,0.0,0.0,0.0,0.0,0.0,0.0,0.0,0.0,8.5,0.0,0.0,0,0.0,0.0,0,0.0,0,0,0.0,0.0,0.0,0.0
한미멀티비타민,0,1.0,1.13,0.0,0.13,0.0,0.0,0.0,0.0,0.0,0.0,15.38,0.0,0.0,0.0,0.0,0.0,0.0,0,0.0,0.0,0,0.0,0,0,0.0,0.0,0.0,93.75
한미생활건강 간건강 가득 밀크씨슬,0,0.0,0.0,0.0,1.2,1.4,15.0,1.5,400.0,0.0,0.0,0.0,0.0,0.0,0.0,6.0,0.0,55.0,0,0.0,0.0,0,0.0,0,0,0.0,0.0,0.0,0.0
한미생활건강 멀티비타민,0,10.0,11.0,70.0,1.2,1.4,15.0,1.5,400.0,2.4,30.0,100.0,0.0,0.0,12.0,8.5,0.8,55.0,450,3.0,0.0,0,0.0,0,0,0.0,0.0,0.0,700.0
한미생활건강 수분가득 히알루론산,0,0.0,11.0,0.0,0.0,0.0,0.0,0.0,0.0,0.0,0.0,0.0,0.0,0.0,0.0,0.0,0.0,0.0,0,0.0,0.0,0,0.0,0,0,0.0,0.0,0.0,700.0
한미생활건강 칼슘마그네슘아연비타민D 가득,0,10.0,0.0,0.0,0.0,0.0,0.0,0.0,0.0,0.0,0.0,0.0,300.0,150.0,0.0,8.5,0.0,0.0,0,0.0,0.0,0,0.0,0,0,0.0,0.0,0.0,0.0
한미생활건강 혈행가득 오메가3,0,0.0,11.0,0.0,0.0,0.0,0.0,0.0,0.0,0.0,0.0,0.0,0.0,0.0,0.0,0.0,0.0,0.0,0,0.0,0.0,0,0.0,0,0,0.0,0.0,500.0,0.0
한미아연플러스,0,0.0,0.0,0.0,0.0,0.0,0.0,0.0,0.0,0.0,0.0,0.0,0.0,0.0,0.0,6.0,0.0,0.0,0,0.0,0.0,0,0.0,0,0,0.0,0.0,0.0,0.0
한미양행 루테인 알티지 오메가3 프리미엄,0,10.0,11.0,0.0,0.0,0.0,0.0,0.0,0.0,0.0,0.0,0.0,0.0,0.0,0.0,0.0,0.0,0.0,0,0.0,0.0,0,0.0,0,0,0.0,20.0,610.0,700.0
한미양행 프로바이오틱스 빌리언,0,0.0,0.0,0.0,0.0,0.0,0.0,0.0,0.0,0.0,0.0,0.0,0.0,0.0,0.0,8.5,0.0,55.0,0,0.0,0.0,0,0.0,0,1000000000,0.0,0.0,0.0,0.0
한미오메가3EPA DHA,0,0.0,0.0,0.0,0.0,0.0,0.0,0.0,0.0,0.0,0.0,0.0,0.0,0.0,0.0,0.0,0.0,0.0,0,0.0,0.0,0,0.0,0,0,0.0,0.0,990.0,0.0
한미헤파케어골드,0,0.0,5.15,0.0,3.34,4.28,0.0,3.78,0.0,0.0,0.0,0.0,0.0,0.0,0.0,0.0,0.0,0.0,0,0.0,0.0,0,0.0,0,0,0.0,0.0,0.0,0.0
한뿌리 구증구포 흑삼진 블랙스틱,0,0.0,0.0,0.0,0.0,0.0,0.0,0.0,0.0,0.0,0.0,0.0,0.0,0.0,0.0,0.0,0.0,0.0,0,0.0,0.0,0,0.0,0,0,13.0,0.0,0.0,0.0
한송정개성홍삼분말,0,0.0,0.0,0.0,0.0,0.0,0.0,0.0,0.0,0.0,0.0,0.0,0.0,0.0,0.0,0.0,0.0,0.0,0,0.0,0.0,0,0.0,0,0,6.0,0.0,0.0,0.0
한송정개성홍삼정,0,0.0,0.0,0.0,0.0,0.0,0.0,0.0,0.0,0.0,0.0,0.0,0.0,0.0,0.0,0.0,0.0,0.0,0,0.0,0.0,0,0.0,0,0,7.0,0.0,0.0,0.0
한알가득 멀티비타민,0,10.0,11.0,0.0,1.2,1.4,15.0,1.5,400.0,2.4,30.0,100.0,0.0,0.0,0.0,8.5,0.0,55.0,0,0.0,0.0,0,0.0,0,0,0.0,0.0,0.0,700.0
한알가득 비타민C,0,0.0,0.0,0.0,0.0,0.0,0.0,0.0,0.0,0.0,0.0,300.0,0.0,0.0,0.0,0.0,0.0,0.0,0,0.0,0.0,0,0.0,0,0,0.0,0.0,0.0,0.0
한알가득 프로바이오틱스,0,0.0,0.0,0.0,0.0,0.0,0.0,0.0,0.0,0.0,0.0,0.0,0.0,0.0,0.0,8.5,0.0,55.0,0,0.0,0.0,0,0.0,0,100000000,0.0,0.0,0.0,0.0
한알가득 히알루론산,0,0.0,11.0,0.0,0.0,0.0,0.0,0.0,0.0,0.0,0.0,0.0,0.0,0.0,0.0,0.0,0.0,0.0,0,0.0,0.0,0,0.0,0,0,0.0,0.0,0.0,700.0
한포유 장프로,0,0.0,0.0,0.0,0.0,0.0,0.0,0.0,0.0,0.0,0.0,0.0,0.0,0.0,0.0,8.5,0.0,0.0,0,0.0,0.0,0,0.0,0,1000000000,0.0,0.0,0.0,0.0
해브잇 컴팩트 비타민B 8종 콤플렉스,0,0.0,0.0,0.0,1.2,1.4,15.0,1.5,400.0,2.4,30.0,0.0,0.0,0.0,0.0,0.0,0.0,0.0,0,0.0,0.0,0,0.0,0,0,0.0,0.0,0.0,0.0
해브잇 프리미엄 프로폴리스&아연,0,0.0,0.0,0.0,0.0,0.0,0.0,0.0,0.0,0.0,0.0,0.0,0.0,0.0,0.0,10.0,0.0,0.0,0,0.0,0.0,0,0.0,0,0,0.0,0.0,0.0,0.0
해셀팩트심,0,0.0,0.0,0.0,0.0,0.0,0.0,0.0,0.0,0.0,0.0,0.0,0.0,0.0,0.0,0.0,0.0,0.0,0,2.4,0.0,0,0.0,0,0,0.0,0.0,0.0,0.0
해피슬,0,0.0,0.0,0.0,0.0,0.0,0.0,0.0,0.0,0.0,0.0,0.0,0.0,0.0,0.0,0.0,0.0,0.0,0,5.8,0.0,0,0.0,0,0,0.0,0.0,0.0,545.0
헤파골드,0,0.0,0.0,0.0,0.755,0.8,0.0,0.0,0.0,0.0,0.0,0.0,0.0,0.0,0.0,0.0,0.0,0.0,0,0.0,0.0,0,0.0,0,0,0.0,0.0,0.0,0.0
헬스라민,0,10.0,3.3,32.9,6.48,7.98,15.0,9.75,400.0,0.0,0.0,50.0,0.0,0.0,0.0,7.48,0.7,66.0,150,1.11,0.0,0,0.0,0,0,0.0,0.0,0.0,210.0
헬스원 홍삼농축액,0,0.0,0.0,0.0,0.0,0.0,0.0,0.0,0.0,0.0,0.0,0.0,0.0,0.0,0.0,0.0,0.0,0.0,0,0.0,0.0,0,0.0,0,0,6.0,0.0,0.0,0.0
헬씨허그슬림다이어트,0,0.0,0.0,0.0,0.0,0.0,0.0,0.0,0.0,0.0,0.0,0.0,0.0,0.0,0.0,0.0,0.0,0.0,0,0.0,0.0,0,0.0,0,100000000,0.0,0.0,0.0,0.0
혈당건강 바나바정제,0,0.0,0.0,0.0,1.2,0.0,0.0,0.0,0.0,0.0,0.0,0.0,0.0,0.0,0.0,8.5,0.0,55.0,0,0.0,0.0,0,0.0,0,0,0.0,0.0,0.0,0.0
혈행개선 알티지오메가3,0,0.0,3.3,0.0,0.0,0.0,0.0,0.0,0.0,0.0,0.0,0.0,0.0,0.0,0.0,0.0,0.0,0.0,0,0.0,0.0,0,0.0,0,0,0.0,0.0,500.0,0.0
혈행건강 알티지 오메가3,0,25.0,11.0,0.0,0.0,0.0,0.0,0.0,0.0,0.0,0.0,0.0,0.0,0.0,0.0,0.0,0.0,0.0,0,0.0,0.0,0,0.0,0,0,0.0,0.0,600.0,700.0
혜인담 홍삼차,0,0.0,0.0,0.0,0.0,0.0,0.0,0.0,0.0,0.0,0.0,0.0,0.0,0.0,0.0,0.0,0.0,0.0,0,0.0,0.0,0,0.0,0,0,3.6,0.0,0.0,0.0
호미박 다이어트,0,0.0,0.0,0.0,0.36,0.0,0.0,0.0,0.0,0.0,9.6,0.0,0.0,0.0,0.0,0.0,0.0,0.0,0,0.0,0.0,0,0.0,0,0,0.0,0.0,0.0,0.0
혼합유산균5,0,0.0,0.0,0.0,0.0,0.0,0.0,0.0,0.0,0.0,0.0,0.0,0.0,0.0,0.0,0.0,0.0,0.0,0,0.0,0.0,0,0.0,0,100000000,0.0,0.0,0.0,0.0
혼합유산균8D,0,0.0,0.0,0.0,0.0,0.0,0.0,0.0,0.0,0.0,0.0,0.0,0.0,0.0,0.0,0.0,0.0,0.0,0,0.0,0.0,0,0.0,0,60000000000,0.0,0.0,0.0,0.0
혼합유산균8N,0,0.0,0.0,0.0,0.0,0.0,0.0,0.0,0.0,0.0,0.0,0.0,0.0,0.0,0.0,0.0,0.0,0.0,0,0.0,0.0,0,0.0,0,10000000000,0.0,0.0,0.0,0.0
혼합유산균H,0,0.0,0.0,0.0,0.0,0.0,0.0,0.0,0.0,0.0,0.0,0.0,0.0,0.0,0.0,0.0,0.0,0.0,0,0.0,0.0,0,0.0,0,25000000000,0.0,0.0,0.0,0.0
혼합유산균P,0,0.0,0.0,0.0,0.0,0.0,0.0,0.0,0.0,0.0,0.0,0.0,0.0,0.0,0.0,0.0,0.0,0.0,0,0.0,0.0,0,0.0,0,10000000000,0.0,0.0,0.0,0.0
홍삼 투어스틱,0,0.0,0.0,0.0,0.0,0.0,0.0,0.0,0.0,0.0,0.0,0.0,0.0,0.0,0.0,0.0,0.0,0.0,0,0.0,0.0,0,0.0,0,0,12.0,0.0,0.0,0.0
홍삼골드스틱,0,0.0,0.0,0.0,0.0,0.0,0.0,0.0,0.0,0.0,0.0,0.0,0.0,0.0,0.0,0.0,0.0,0.0,0,0.0,0.0,0,0.0,0,0,5.0,0.0,0.0,0.0
홍삼기보스틱,0,0.0,0.0,0.0,0.0,0.0,0.0,0.0,0.0,0.0,0.0,0.0,0.0,0.0,0.0,0.0,0.0,0.0,0,0.0,0.0,0,0.0,0,0,6.9,0.0,0.0,0.0
홍삼농축액 진세노 25,0,0.0,0.0,0.0,0.0,0.0,0.0,0.0,0.0,0.0,0.0,0.0,0.0,0.0,0.0,0.0,0.0,0.0,0,0.0,0.0,0,0.0,0,0,25.0,0.0,0.0,0.0
홍삼농축액-K,0,0.0,0.0,0.0,0.0,0.0,0.0,0.0,0.0,0.0,0.0,0.0,0.0,0.0,0.0,0.0,0.0,0.0,0,0.0,0.0,0,0.0,0,0,8.0,0.0,0.0,0.0
홍삼농축액,0,0.0,0.0,0.0,0.0,0.0,0.0,0.0,0.0,0.0,0.0,0.0,0.0,0.0,0.0,0.0,0.0,0.0,0,0.0,0.0,0,0.0,0,0,6.0,0.0,0.0,0.0
홍삼농축액10,0,0.0,0.0,0.0,0.0,0.0,0.0,0.0,0.0,0.0,0.0,0.0,0.0,0.0,0.0,0.0,0.0,0.0,0,0.0,0.0,0,0.0,0,0,20.0,0.0,0.0,0.0
홍삼농축액20,0,0.0,0.0,0.0,0.0,0.0,0.0,0.0,0.0,0.0,0.0,0.0,0.0,0.0,0.0,0.0,0.0,0.0,0,0.0,0.0,0,0.0,0,0,20.0,0.0,0.0,0.0
홍삼농축액25,0,0.0,0.0,0.0,0.0,0.0,0.0,0.0,0.0,0.0,0.0,0.0,0.0,0.0,0.0,0.0,0.0,0.0,0,0.0,0.0,0,0.0,0,0,25.0,0.0,0.0,0.0
홍삼농축액5.5,0,0.0,0.0,0.0,0.0,0.0,0.0,0.0,0.0,0.0,0.0,0.0,0.0,0.0,0.0,0.0,0.0,0.0,0,0.0,0.0,0,0.0,0,0,5.5,0.0,0.0,0.0
홍삼농축액골드,0,0.0,0.0,0.0,0.0,0.0,0.0,0.0,0.0,0.0,0.0,0.0,0.0,0.0,0.0,0.0,0.0,0.0,0,0.0,0.0,0,0.0,0,0,5.0,0.0,0.0,0.0
홍삼농축액분말,0,0.0,0.0,0.0,0.0,0.0,0.0,0.0,0.0,0.0,0.0,0.0,0.0,0.0,0.0,0.0,0.0,0.0,0,0.0,0.0,0,0.0,0,0,20.0,0.0,0.0,0.0
홍삼농축액분말30,0,0.0,0.0,0.0,0.0,0.0,0.0,0.0,0.0,0.0,0.0,0.0,0.0,0.0,0.0,0.0,0.0,0.0,0,0.0,0.0,0,0.0,0,0,30.0,0.0,0.0,0.0
홍삼농축액프리미엄,0,0.0,0.0,0.0,0.0,0.0,0.0,0.0,0.0,0.0,0.0,0.0,0.0,0.0,0.0,0.0,0.0,0.0,0,0.0,0.0,0,0.0,0,0,30.0,0.0,0.0,0.0
홍삼대보 프리미엄,0,0.0,0.0,0.0,0.0,0.0,0.0,0.0,0.0,0.0,0.0,0.0,0.0,0.0,0.0,0.0,0.0,0.0,0,0.0,0.0,0,0.0,0,0,3.0,0.0,0.0,0.0
홍삼메토,0,0.0,0.0,0.0,0.0,0.0,0.0,0.0,0.0,0.0,0.0,0.0,0.0,0.0,0.0,0.0,0.0,0.0,0,0.0,0.0,0,0.0,0,0,3.6,0.0,0.0,0.0
홍삼보력,0,0.0,0.0,0.0,0.0,0.0,0.0,0.0,0.0,0.0,0.0,0.0,0.0,0.0,0.0,0.0,0.0,0.0,0,0.0,0.0,0,0.0,0,0,7.0,0.0,0.0,0.0
홍삼분말,0,0.0,0.0,0.0,0.0,0.0,0.0,0.0,0.0,0.0,0.0,0.0,0.0,0.0,0.0,0.0,0.0,0.0,0,0.0,0.0,0,0.0,0,0,17.0,0.0,0.0,0.0
홍삼분말골드,0,0.0,0.0,0.0,0.0,0.0,0.0,0.0,0.0,0.0,0.0,0.0,0.0,0.0,0.0,0.0,0.0,0.0,0,0.0,0.0,0,0.0,0,0,48.0,0.0,0.0,0.0
홍삼분말프리미엄,0,0.0,0.0,0.0,0.0,0.0,0.0,0.0,0.0,0.0,0.0,0.0,0.0,0.0,0.0,0.0,0.0,0.0,0,0.0,0.0,0,0.0,0,0,20.0,0.0,0.0,0.0
홍삼스틱본,0,0.0,0.0,0.0,0.0,0.0,0.0,0.0,0.0,0.0,0.0,0.0,0.0,0.0,0.0,0.0,0.0,0.0,0,0.0,0.0,0,0.0,0,0,7.0,0.0,0.0,0.0
홍삼스틱천심본,0,0.0,0.0,0.0,0.0,0.0,0.0,0.0,0.0,0.0,0.0,0.0,0.0,0.0,0.0,0.0,0.0,0.0,0,0.0,0.0,0,0.0,0,0,20.0,0.0,0.0,0.0
홍삼스틱플러스,0,0.0,0.0,0.0,0.0,0.0,0.0,0.0,0.0,0.0,0.0,0.0,0.0,0.0,0.0,0.0,0.0,0.0,0,0.0,0.0,0,0.0,0,0,4.0,0.0,0.0,0.0
홍삼아이튼튼 프리미엄,0,0.0,0.0,0.0,0.0,0.0,0.0,0.0,0.0,0.0,0.0,0.0,0.0,0.0,0.0,0.0,0.0,0.0,0,0.0,0.0,0,0.0,0,0,7.0,0.0,0.0,0.0
홍삼액 진(眞),0,0.0,0.0,0.0,0.0,0.0,0.0,0.0,0.0,0.0,0.0,0.0,0.0,0.0,0.0,0.0,0.0,0.0,0,0.0,0.0,0,0.0,0,0,10.0,0.0,0.0,0.0
홍삼정 에브리데이진액,0,0.0,0.0,0.0,0.0,0.0,0.0,0.0,0.0,0.0,0.0,0.0,0.0,0.0,0.0,0.0,0.0,0.0,0,0.0,0.0,0,0.0,0,0,10.0,0.0,0.0,0.0
홍삼정 하루면역케어,0,0.0,0.0,0.0,0.0,0.0,0.0,0.0,0.0,0.0,0.0,0.0,0.0,0.0,0.0,0.0,0.0,0.0,0,0.0,0.0,0,0.0,0,0,11.6,0.0,0.0,0.0
홍삼정(精)골드,0,0.0,0.0,0.0,0.0,0.0,0.0,0.0,0.0,0.0,0.0,0.0,0.0,0.0,0.0,0.0,0.0,0.0,0,0.0,0.0,0,0.0,0,0,39.0,0.0,0.0,0.0
홍삼정,0,0.0,0.0,0.0,0.0,0.0,0.0,0.0,0.0,0.0,0.0,0.0,0.0,0.0,0.0,0.0,0.0,0.0,0,0.0,0.0,0,0.0,0,0,23.1,0.0,0.0,0.0
홍삼정골드 스틱,0,0.0,0.0,0.0,0.0,0.0,0.0,0.0,0.0,0.0,0.0,0.0,0.0,0.0,0.0,0.0,0.0,0.0,0,0.0,0.0,0,0.0,0,0,7.0,0.0,0.0,0.0
홍삼정골드 홍삼농축액,0,0.0,0.0,0.0,0.0,0.0,0.0,0.0,0.0,0.0,0.0,0.0,0.0,0.0,0.0,0.0,0.0,0.0,0,0.0,0.0,0,0.0,0,0,21.0,0.0,0.0,0.0
홍삼정골드,0,0.0,0.0,0.0,0.0,0.0,0.0,0.0,0.0,0.0,0.0,0.0,0.0,0.0,0.0,0.0,0.0,0.0,0,0.0,0.0,0,0.0,0,0,4.5,0.0,0.0,0.0
홍삼정리미티드,0,0.0,0.0,0.0,0.0,0.0,0.0,0.0,0.0,0.0,0.0,0.0,0.0,0.0,0.0,0.0,0.0,0.0,0,0.0,0.0,0,0.0,0,0,48.0,0.0,0.0,0.0
홍삼정마일드센스,0,0.0,0.0,0.0,0.0,0.0,0.0,0.0,0.0,0.0,0.0,0.0,0.0,0.0,0.0,0.0,0.0,0.0,0,0.0,0.0,0,0.0,0,0,5.0,0.0,0.0,0.0
홍삼정스틱,0,0.0,0.0,0.0,0.0,0.0,0.0,0.0,0.0,0.0,0.0,0.0,0.0,0.0,0.0,0.0,0.0,0.0,0,0.0,0.0,0,0.0,0,0,3.2,0.0,0.0,0.0
홍삼정에브리타임,0,0.0,0.0,0.0,0.0,0.0,0.0,0.0,0.0,0.0,0.0,0.0,0.0,0.0,0.0,0.0,0.0,0.0,0,0.0,0.0,0,0.0,0,0,11.6,0.0,0.0,0.0
홍삼정에브리타임로얄,0,0.0,0.0,0.0,0.0,0.0,0.0,0.0,0.0,0.0,0.0,0.0,0.0,0.0,0.0,0.0,0.0,0.0,0,0.0,0.0,0,0.0,0,0,11.6,0.0,0.0,0.0
홍삼정에브리타임리미티드,0,0.0,0.0,0.0,0.0,0.0,0.0,0.0,0.0,0.0,0.0,0.0,0.0,0.0,0.0,0.0,0.0,0.0,0,0.0,0.0,0,0.0,0,0,11.6,0.0,0.0,0.0
홍삼정에브리타임밸런스,0,0.0,0.0,0.0,0.0,0.0,0.0,0.0,0.0,0.0,0.0,0.0,0.0,0.0,0.0,0.0,0.0,0.0,0,0.0,0.0,0,0.0,0,0,7.0,0.0,0.0,0.0
홍삼정지나인,0,0.0,0.0,0.0,0.0,0.0,0.0,0.0,0.0,0.0,0.0,0.0,0.0,0.0,0.0,0.0,0.0,0.0,0,0.0,0.0,0,0.0,0,0,13.5,0.0,0.0,0.0
홍삼정차골드,0,0.0,0.0,0.0,0.0,0.0,0.0,0.0,0.0,0.0,0.0,0.0,0.0,0.0,0.0,0.0,0.0,0.0,0,0.0,0.0,0,0.0,0,0,11.7,0.0,0.0,0.0
홍삼정타브렛,0,0.0,0.0,0.0,0.0,0.0,0.0,0.0,0.0,0.0,0.0,0.0,0.0,0.0,0.0,0.0,0.0,0.0,0,0.0,0.0,0,0.0,0,0,8.4,0.0,0.0,0.0
홍삼정프리미엄,0,0.0,0.0,0.0,0.0,0.0,0.0,0.0,0.0,0.0,0.0,0.0,0.0,0.0,0.0,0.0,0.0,0.0,0,0.0,0.0,0,0.0,0,0,14.0,0.0,0.0,0.0
홍삼정프리미엄골드,0,0.0,0.0,0.0,0.0,0.0,0.0,0.0,0.0,0.0,0.0,0.0,0.0,0.0,0.0,0.0,0.0,0.0,0,0.0,0.0,0,0.0,0,0,12.8,0.0,0.0,0.0
홍삼진고데일리스틱,0,0.0,0.0,0.0,0.0,0.0,0.0,0.0,0.0,0.0,0.0,0.0,0.0,0.0,0.0,0.0,0.0,0.0,0,0.0,0.0,0,0.0,0,0,3.7,0.0,0.0,0.0
홍삼진본,0,0.0,0.0,0.0,0.0,0.0,0.0,0.0,0.0,0.0,0.0,0.0,0.0,0.0,0.0,0.0,0.0,0.0,0,0.0,0.0,0,0.0,0,0,3.8,0.0,0.0,0.0
홍삼진현,0,0.0,0.0,0.0,0.0,0.0,0.0,0.0,0.0,0.0,0.0,0.0,0.0,0.0,0.0,0.0,0.0,0.0,0,0.0,0.0,0,0.0,0,0,6.6,0.0,0.0,0.0
홍삼차,0,0.0,0.0,0.0,0.0,0.0,0.0,0.0,0.0,0.0,0.0,0.0,0.0,0.0,0.0,0.0,0.0,0.0,0,0.0,0.0,0,0.0,0,0,5.5,0.0,0.0,0.0
홍삼천국,0,0.0,0.0,0.0,0.0,0.0,0.0,0.0,0.0,0.0,0.0,0.0,0.0,0.0,0.0,0.0,0.0,0.0,0,0.0,0.0,0,0.0,0,0,3.0,0.0,0.0,0.0
홍삼캡슐,0,0.0,0.0,0.0,0.0,0.0,0.0,0.0,0.0,0.0,0.0,0.0,0.0,0.0,0.0,0.0,0.0,0.0,0,0.0,0.0,0,0.0,0,0,3.0,0.0,0.0,0.0
홍삼타브렛골드,0,0.0,0.0,0.0,0.0,0.0,0.0,0.0,0.0,0.0,0.0,0.0,0.0,0.0,0.0,0.0,0.0,0.0,0,0.0,0.0,0,0.0,0,0,4.9,0.0,0.0,0.0
홍삼톤,0,0.0,0.0,0.0,0.0,0.0,0.0,0.0,0.0,0.0,0.0,0.0,0.0,0.0,0.0,0.0,0.0,0.0,0,0.0,0.0,0,0.0,0,0,8.3,0.0,0.0,0.0
홍삼톤골드,0,0.0,0.0,0.0,0.0,0.0,0.0,0.0,0.0,0.0,0.0,0.0,0.0,0.0,0.0,0.0,0.0,0.0,0,0.0,0.0,0,0.0,0,0,10.0,0.0,0.0,0.0
홍삼톤골드로얄,0,0.0,0.0,0.0,0.0,0.0,0.0,0.0,0.0,0.0,0.0,0.0,0.0,0.0,0.0,0.0,0.0,0.0,0,0.0,0.0,0,0.0,0,0,10.0,0.0,0.0,0.0
홍삼톤로얄,0,0.0,0.0,0.0,0.0,0.0,0.0,0.0,0.0,0.0,0.0,0.0,0.0,0.0,0.0,0.0,0.0,0.0,0,0.0,0.0,0,0.0,0,0,8.3,0.0,0.0,0.0
홍삼톤리미티드,0,0.0,0.0,0.0,0.0,0.0,0.0,0.0,0.0,0.0,0.0,0.0,0.0,0.0,0.0,0.0,0.0,0.0,0,0.0,0.0,0,0.0,0,0,13.0,0.0,0.0,0.0
홍삼톤청,0,0.0,0.0,0.0,0.0,0.0,0.0,0.0,0.0,0.0,0.0,0.0,0.0,0.0,0.0,0.0,0.0,0.0,0,0.0,0.0,0,0.0,0,0,4.5,0.0,0.0,0.0
홍이장군 2단계,0,0.0,0.0,0.0,0.0,0.0,0.0,0.0,0.0,0.0,0.0,0.0,0.0,0.0,0.0,0.0,0.0,0.0,0,0.0,0.0,0,0.0,0,0,3.6,0.0,0.0,0.0
홍이장군 3단계,0,0.0,0.0,0.0,0.0,0.0,0.0,0.0,0.0,0.0,0.0,0.0,0.0,0.0,0.0,0.0,0.0,0.0,0,0.0,0.0,0,0.0,0,0,5.4,0.0,0.0,0.0
홍이장군 로얄1단계,0,0.0,0.0,0.0,0.0,0.0,0.0,0.0,0.0,0.0,0.0,0.0,0.0,0.0,0.0,0.0,0.0,0.0,0,0.0,0.0,0,0.0,0,0,3.0,0.0,0.0,0.0
홍이장군 로얄2단계,0,0.0,0.0,0.0,0.0,0.0,0.0,0.0,0.0,0.0,0.0,0.0,0.0,0.0,0.0,0.0,0.0,0.0,0,0.0,0.0,0,0.0,0,0,3.6,0.0,0.0,0.0
홍이장군 로얄3단계,0,0.0,0.0,0.0,0.0,0.0,0.0,0.0,0.0,0.0,0.0,0.0,0.0,0.0,0.0,0.0,0.0,0.0,0,0.0,0.0,0,0.0,0,0,5.4,0.0,0.0,0.0
홍이장군 로얄4단계,0,0.0,0.0,0.0,0.0,0.0,0.0,0.0,0.0,0.0,0.0,0.0,0.0,0.0,0.0,0.0,0.0,0.0,0,0.0,0.0,0,0.0,0,0,7.4,0.0,0.0,0.0
홍천웅 건,0,0.0,0.0,0.0,0.0,0.0,0.0,0.0,0.0,0.0,0.0,0.0,0.0,0.0,0.0,0.0,0.0,0.0,0,0.0,0.0,0,0.0,0,0,11.5,0.0,0.0,0.0
화린 시크릿,0,0.0,0.0,0.0,0.0,0.0,0.0,0.0,0.0,0.0,0.0,0.0,0.0,0.0,0.0,0.0,0.0,0.0,0,0.0,0.0,0,0.0,0,0,6.9,0.0,0.0,0.0
화애락 후,0,0.0,0.0,0.0,0.0,0.0,0.0,0.0,0.0,0.0,0.0,0.0,0.0,0.0,0.0,0.0,0.0,0.0,0,0.0,0.0,0,0.0,0,0,16.0,0.0,0.0,0.0
화애락본,0,0.0,0.0,0.0,0.0,0.0,0.0,0.0,0.0,0.0,0.0,0.0,0.0,0.0,0.0,0.0,0.0,0.0,0,0.0,0.0,0,0.0,0,0,9.0,0.0,0.0,0.0
화애락진,0,0.0,0.0,0.0,0.0,0.0,0.0,0.0,0.0,0.0,0.0,0.0,0.0,0.0,0.0,0.0,0.0,0.0,0,0.0,0.0,0,0.0,0,0,25.0,0.0,0.0,0.0
활력건강 쏘팔메토 옥타코사놀,0,0.0,0.0,0.0,1.2,1.4,15.0,1.5,0.0,0.0,0.0,0.0,0.0,0.0,0.0,8.5,0.0,55.0,0,0.0,0.0,0,0.0,0,0,0.0,0.0,0.0,0.0
활력소,0,0.0,0.0,0.0,0.0,0.0,0.0,0.0,0.0,0.0,0.0,0.0,0.0,0.0,0.0,0.0,0.0,0.0,0,0.0,0.0,0,0.0,0,0,3.0,0.0,0.0,0.0
활성비타민B 컴플렉스,0,0.0,0.0,0.0,1.2,1.4,15.0,1.5,400.0,2.4,30.0,0.0,0.0,0.0,0.0,8.5,0.0,55.0,0,0.0,0.0,0,0.0,0,0,0.0,0.0,0.0,0.0
황금룡6년근골드홍삼스틱,0,0.0,0.0,0.0,0.0,0.0,0.0,0.0,0.0,0.0,0.0,0.0,0.0,0.0,0.0,0.0,0.0,0.0,0,0.0,0.0,0,0.0,0,0,4.0,0.0,0.0,0.0
황작 홍삼정,0,0.0,0.0,0.0,0.0,0.0,0.0,0.0,0.0,0.0,0.0,0.0,0.0,0.0,0.0,0.0,0.0,0.0,0,0.0,0.0,0,0.0,0,0,10.0,0.0,0.0,0.0
황작면역홍삼스틱30,0,0.0,0.0,0.0,0.0,0.0,0.0,0.0,0.0,0.0,0.0,0.0,0.0,0.0,0.0,0.0,0.0,0.0,0,0.0,0.0,0,0.0,0,0,30.0,0.0,0.0,0.0
황작발효홍삼농축액 30,0,0.0,0.0,0.0,0.0,0.0,0.0,0.0,0.0,0.0,0.0,0.0,0.0,0.0,0.0,0.0,0.0,0.0,0,0.0,0.0,0,0.0,0,0,10.0,0.0,0.0,0.0
황제홍삼농축액,0,0.0,0.0,0.0,0.0,0.0,0.0,0.0,0.0,0.0,0.0,0.0,0.0,0.0,0.0,0.0,0.0,0.0,0,0.0,0.0,0,0.0,0,0,30.0,0.0,0.0,0.0
황후의 보이차 다이어트,0,0.0,0.0,0.0,1.2,1.4,0.0,1.5,0.0,0.0,0.0,0.0,0.0,0.0,0.0,0.0,0.0,0.0,0,0.0,0.0,0,0.0,0,0,0.0,0.0,0.0,0.0
후디락 프리미엄 프로바이오틱스,0,0.0,0.0,0.0,0.0,0.0,0.0,0.0,0.0,0.0,0.0,0.0,0.0,0.0,0.0,0.0,0.0,0.0,0,0.0,0.0,0,0.0,0,100000000,0.0,0.0,0.0,0.0
흡수가 잘되는 활성 엽산800,0,0.0,0.0,0.0,0.0,0.0,0.0,1.5,400.0,2.4,0.0,0.0,0.0,0.0,0.0,0.0,0.0,0.0,0,0.0,0.0,0,0.0,0,0,0.0,0.0,0.0,0.0
흡수가잘되는 엽산,0,0.0,0.0,0.0,0.0,10.0,0.0,10.0,800.0,24.0,0.0,0.0,0.0,0.0,0.0,0.0,0.0,0.0,0,0.0,0.0,0,0.0,0,0,0.0,0.0,0.0,0.0
히딩크의관절생생,0,25.0,0.0,21.0,0.0,0.0,0.0,0.0,0.0,0.0,0.0,0.0,0.0,0.0,0.0,0.0,0.0,0.0,0,0.9,0.0,0,0.0,0,0,0.0,0.0,0.0,0.0
히알루론산,0,0.0,11.0,0.0,0.0,0.0,0.0,0.0,0.0,0.0,0.0,0.0,0.0,0.0,0.0,0.0,0.0,0.0,0,0.0,0.0,0,0.0,0,0,0.0,0.0,0.0,700.0
힐스토리 글로우업,0,0.0,0.0,0.0,0.0,0.0,0.0,0.0,0.0,0.0,0.0,100.0,0.0,0.0,0.0,0.0,0.0,0.0,0,0.0,0.0,0,0.0,0,0,0.0,0.0,0.0,0.0
